Species,Sale Availability,invasion_status,Height,Height_scaled
Abutilon theophrasti,Selling,Invasive,1.38,0.226893899
Acacia dealbata,Selling,Invasive,11.67461538,1.422779466
Acacia decurrens,Not Selling,Invasive,4,-1.035103155
Acacia farnesiana,Selling,Invasive,4.082104348,-0.084301194
Acacia longifolia,Not Selling,Invasive,5.6384,-0.828983674
Acacia mangium,Selling,Introduced,10.13877551,-0.262812369
Acacia mearnsii,Not Selling,Invasive,8.630434783,-0.452569698
Acacia senegal,Not Selling,Invasive,8.142857143,-0.513909572
Acanthospermum australe,Not Selling,Naturalized,0.55,-0.338379223
Acanthospermum hispidum,Not Selling,Invasive,0.6,-0.304326625
Acer negundo,Selling,Introduced,11.54885261,-0.085417129
Achillea millefolium,Selling,Introduced,0.220963971,-0.562469853
Acmella ciliata,Selling,Naturalized,0.8,-0.168116234
Acmella oleracea,Not Selling,Invasive,0.5,-0.37243182
Acmella radicans,Not Selling,Invasive,0.4,-0.440537016
Acmella uliginosa,Not Selling,Naturalized,0.5,-0.37243182
Aeschynomene americana,Not Selling,Invasive,1.266666667,0.149708011
Agave americana,Selling,Invasive,1.661666667,0.418723532
Agave fourcroydes,Not Selling,Naturalized,1.8,-0.537289054
Agave sisalana,Not Selling,Introduced,2,0.64914611
Agave vivipara,Not Selling,Naturalized,1.2,0.104304547
Ageratina adenophora,Not Selling,Invasive,0.8,-0.168116234
Ageratum conyzoides,Selling,Invasive,1,-0.031905844
Ageratum houstonianum,Selling,Invasive,1,-0.031905844
Agrostemma githago,Selling,Invasive,0.6875,-0.244734579
Agrostis avenacea,Not Selling,Naturalized,0.7,-0.23622143
Albizia lebbeck,Selling,Invasive,12.5,0.034242299
Alliaria petiolata,Not Selling,Invasive,0.525847826,-0.354828108
Alopecurus myosuroides,Not Selling,Naturalized,0.50842,-0.366697363
Alternanthera bettzickiana,Selling,Naturalized,0.5,-0.37243182
Alternanthera paronychioides,Not Selling,Introduced,0.8,-0.168116234
Alternanthera pungens,Selling,Invasive,0.6,-0.304326625
Alternanthera reineckii,Selling,Naturalized,0.2,-0.576747406
Alyssum alyssoides,Not Selling,Invasive,0.146521739,-0.61316888
Amaranthus albus,Selling,Invasive,0.39,-0.447347535
Amaranthus blitoides,Not Selling,Introduced,0.579166667,-0.318515207
Amaranthus blitum,Not Selling,Invasive,0.480555556,-0.385674497
Amaranthus capensis,Not Selling,Introduced,3,1.330198063
Amaranthus caudatus,Selling,Invasive,0.70625,-0.231964855
Amaranthus cruentus,Selling,Invasive,0.4,-0.440537016
Amaranthus dubius,Not Selling,Introduced,1.5,0.308620133
Amaranthus hybridus,Selling,Invasive,0.59375,-0.3085832
Amaranthus hypochondriacus,Selling,Introduced,0.8,-0.168116234
Amaranthus palmeri,Not Selling,Invasive,1,-0.031905844
Amaranthus polygonoides,Not Selling,Invasive,0.8,-0.168116234
Amaranthus powellii,Not Selling,Invasive,0.733333333,-0.213519698
Amaranthus retroflexus,Selling,Invasive,0.846851852,-0.136207689
Amaranthus spinosus,Not Selling,Invasive,1.166666667,0.081602816
Amaranthus standleyanus,Not Selling,Introduced,0.5,-0.37243182
Amaranthus tenuifolius,Not Selling,Introduced,0.35,-0.474589613
Amaranthus tortuosus,Not Selling,Invasive,1.5,0.308620133
Amaranthus tricolor,Selling,Introduced,1.25,0.138357145
Amaranthus viridis,Selling,Invasive,0.4,-0.440537016
Amberboa moschata,Not Selling,Naturalized,0.4,-0.440537016
Ambrosia artemisiifolia,Not Selling,Invasive,0.516607721,-0.361121099
Ambrosia polystachya,Not Selling,Invasive,0.16,-0.603989484
Ambrosia psilostachya,Not Selling,Invasive,0.267538986,-0.530749848
Ambrosia trifida,Not Selling,Invasive,1.025,-0.014879545
Ammannia coccinea,Not Selling,Invasive,0.48768,-0.38082238
Ammi majus,Selling,Invasive,0.53,-0.352000262
Amorpha fruticosa,Selling,Naturalized,3.67255,-0.165595964
Anagallis arvensis,Selling,Naturalized,0.097443182,-0.646593927
Andrographis paniculata,Selling,Naturalized,0.5,-0.37243182
Annona glabra,Not Selling,Naturalized,12.2536,0.003243861
Anredera cordifolia,Selling,Invasive,9,5.416509783
Anredera vesicaria,Not Selling,Invasive,8.2,4.87166822
Anthemis arvensis,Not Selling,Introduced,0.298704906,-0.509524237
Anthriscus caucalis,Not Selling,Introduced,0.4655,-0.395928113
Antigonon leptopus,Not Selling,Introduced,10,1.090375543
Arachis hypogaea,Selling,Naturalized,0.5,-0.37243182
Argemone mexicana,Not Selling,Invasive,1,-0.031905844
Argyreia nervosa,Not Selling,Naturalized,10,6.097561736
Armoracia rusticana,Selling,Naturalized,0.985,-0.042121623
Arrhenatherum elatius,Selling,Invasive,0.496376488,-0.37489962
Artemisia annua,Selling,Naturalized,0.859090909,-0.127872255
Asclepias curassavica,Selling,Introduced,1,-0.031905844
Asparagus densiflorus,Selling,Invasive,1,-0.6960856
Asparagus setaceus,Selling,Naturalized,2.5,-0.398342077
Atriplex canescens,Not Selling,Invasive,1.182033333,-0.65995277
Atriplex hortensis,Not Selling,Naturalized,0.825,-0.151089935
Atriplex nummularia,Not Selling,Invasive,2.4966,0.98735651
Atropa bella-donna,Not Selling,Invasive,1.25,0.138357145
Avena fatua,Selling,Invasive,1.093192,0.03156275
Avena sterilis,Not Selling,Invasive,0.578679512,-0.318846985
Axonopus compressus,Not Selling,Introduced,0.3048,-0.505373162
Axonopus fissifolius,Not Selling,Invasive,0.078372156,-0.659582287
Azolla filiculoides,Not Selling,Invasive,0.019,-0.70001781
Bacopa caroliniana,Not Selling,Naturalized,0.3,-0.508642211
Barleria noctiflora,Not Selling,Naturalized,0.9,-0.715935169
Basella alba,Selling,Invasive,4.5,2.351775993
Begonia cucullata,Not Selling,Invasive,5.5,3.032827946
Berberis thunbergii,Selling,Naturalized,2.087377778,-0.480245806
Bidens bipinnata,Selling,Invasive,1.125,0.053225651
Bidens frondosa,Not Selling,Invasive,0.6682,-0.257878882
Bidens pilosa,Selling,Invasive,0.8,-0.168116234
Bixa orellana,Not Selling,Naturalized,7.666666667,-0.573816881
Boerhavia erecta,Not Selling,Naturalized,0.8,-0.168116234
Borago officinalis,Not Selling,Invasive,0.433,-0.418062301
Bougainvillea glabra,Not Selling,Naturalized,8,0.693384178
Brachiaria brizantha,Not Selling,Invasive,0.674,-0.25392878
Brachiaria eruciformis,Not Selling,Invasive,0.4,-0.440537016
Brachiaria mutica,Not Selling,Invasive,0.9144,-0.090203891
Brachiaria plantaginea,Not Selling,Naturalized,0.8,-0.168116234
Brassica juncea,Selling,Naturalized,0.7956,-0.171112863
Brassica tournefortii,Not Selling,Naturalized,0.566833333,-0.326914848
Bromus arvensis,Not Selling,Introduced,0.5450125,-0.341775969
Bromus catharticus,Not Selling,Invasive,0.674078788,-0.253875122
Bromus pubescens,Not Selling,Naturalized,1.2,0.104304547
Bromus rigidus,Not Selling,Naturalized,0.268866667,-0.529845628
Brugmansia suaveolens,Not Selling,Invasive,2.4,-0.418191645
Bryophyllum daigremontianum,Not Selling,Introduced,1.2,0.104304547
Bryophyllum delagoense,Not Selling,Introduced,0.6,-0.304326625
Bryophyllum pinnatum,Selling,Invasive,0.8,-0.168116234
Buchloe dactyloides,Selling,Introduced,0.019,-0.70001781
Bunias orientalis,Not Selling,Invasive,0.768,-0.189909897
Buphthalmum salicifolium,Not Selling,Naturalized,0.404166667,-0.437699299
Cabomba caroliniana,Not Selling,Invasive,1.8,0.512935719
Cabomba furcata,Not Selling,Naturalized,0.8,-0.168116234
Caesalpinia pulcherrima,Selling,Naturalized,5,-0.909297808
Cajanus cajan,Selling,Invasive,2.9615,-0.306736319
Caladium bicolor,Selling,Naturalized,0.8,-0.168116234
Callisia repens,Not Selling,Invasive,0.8,-0.168116234
Calopogonium mucunoides,Not Selling,Invasive,5,2.69230197
Calotropis procera,Not Selling,Invasive,1.5,-0.596837759
Cameraria latifolia,Not Selling,Invasive,10,-0.28027107
Canavalia ensiformis,Not Selling,Naturalized,1.5,0.308620133
Canna indica,Selling,Naturalized,2,0.64914611
Cannabis sativa,Not Selling,Invasive,1.675,0.427804225
Capsella bursa-pastoris,Selling,Naturalized,0.229943642,-0.55635423
Capsicum annuum,Selling,Naturalized,0.65,-0.270274027
Capsicum frutescens,Selling,Naturalized,0.8,-0.735784737
Carapichea ipecacuanha,Not Selling,Naturalized,0.5,-0.37243182
Cardamine flexuosa,Not Selling,Invasive,0.296875,-0.510770498
Carica papaya,Selling,Naturalized,7.365333333,-0.611726225
Carthamus tinctorius,Not Selling,Naturalized,0.874375,-0.117462995
Cascabela thevetia,Not Selling,Naturalized,5,-0.909297808
Cassia floribunda,Selling,Naturalized,2,-0.497589918
Catharanthus roseus,Selling,Invasive,1,-0.031905844
Celosia argentea,Selling,Invasive,0.72,-0.222600391
Cenchrus clandestinus,Not Selling,Invasive,0.7,-0.23622143
Cenchrus echinatus,Not Selling,Invasive,0.9,-0.100011039
Cenchrus incertus,Not Selling,Invasive,0.8,-0.168116234
Cenchrus purpureus,Not Selling,Invasive,5,2.69230197
Cenchrus spinifex,Not Selling,Invasive,0.302,-0.507280107
Centaurea diffusa,Not Selling,Introduced,0.363076923,-0.465683549
Centipeda minima,Not Selling,Naturalized,0.1,-0.644852602
Centrosema pubescens,Not Selling,Invasive,0.45,-0.406484418
Cerastium fontanum,Not Selling,Naturalized,0.24992625,-0.542745036
Cerastium glomeratum,Not Selling,Invasive,0.212184375,-0.568449214
Cereus repandus,Not Selling,Naturalized,34,5.854271925
Chamaecrista mimosoides,Not Selling,Introduced,1,-0.6960856
Chenopodium album,Not Selling,Naturalized,0.462310185,-0.398100542
Chenopodium giganteum,Not Selling,Introduced,2,0.64914611
Chenopodium hybridum,Not Selling,Invasive,0.5675,-0.326460813
Chloris barbata,Not Selling,Introduced,0.75,-0.202168832
Chloris gayana,Not Selling,Invasive,0.909781818,-0.093349113
Chloris virgata,Selling,Naturalized,0.625,-0.287300326
Chromolaena odorata,Not Selling,Invasive,2.5,0.989672086
Chrysanthemum segetum,Not Selling,Invasive,0.6,-0.304326625
Chrysopogon zizanioides,Not Selling,Introduced,2.0668,0.69464038
Cichorium intybus,Selling,Introduced,0.7462,-0.204756829
Cinchona calisaya,Not Selling,Naturalized,3,-1.160908503
Cinchona officinalis,Not Selling,Naturalized,3,-0.299094235
Citrus aurantiifolia,Not Selling,Naturalized,4,-1.035103155
Cleome rutidosperma,Not Selling,Invasive,1,-0.031905844
Cleoserrata speciosa,Not Selling,Naturalized,0.6,-0.304326625
Clitoria ternatea,Selling,Introduced,15,9.502821503
Codiaeum variegatum,Selling,Naturalized,6,0.296392813
Conium maculatum,Not Selling,Invasive,1.776666667,0.497044507
Conyza sumatrensis,Not Selling,Invasive,0.866676667,-0.12270596
Corchorus olitorius,Not Selling,Invasive,1.466666667,0.285918402
Cordyline fruticosa,Selling,Naturalized,3.032,1.351991726
Coreopsis basalis,Not Selling,Invasive,0.6,-0.304326625
Coreopsis grandiflora,Selling,Introduced,1,-0.031905844
Coreopsis lanceolata,Selling,Invasive,0.208251852,-0.571127466
Coreopsis tinctoria,Selling,Invasive,0.224971429,-0.559740566
Coriandrum sativum,Selling,Naturalized,0.488,-0.380604444
Cosmos bipinnatus,Selling,Invasive,1.3,0.172409742
Cosmos sulphureus,Not Selling,Invasive,2,0.64914611
Cota tinctoria,Not Selling,Naturalized,0.4875,-0.38094497
Crassocephalum rubens,Not Selling,Invasive,1.5,0.308620133
Crepis tectorum,Not Selling,Invasive,0.309642857,-0.502074924
Crotalaria incana,Selling,Introduced,2.5,0.989672086
Crotalaria juncea,Not Selling,Introduced,2.008,0.654594525
Crotalaria lanceolata,Not Selling,Introduced,0.95,-0.065958441
Crotalaria micans,Not Selling,Introduced,2,-0.497589918
Crotalaria ochroleuca,Not Selling,Introduced,1.6,0.376725328
Crotalaria trichotoma,Not Selling,Introduced,1.466666667,0.285918402
Croton bonplandianus,Not Selling,Naturalized,1.5,0.308620133
Croton hirtus,Not Selling,Invasive,0.9,-0.100011039
Cucumis melo,Selling,Naturalized,3,1.330198063
Cuphea carthagenensis,Not Selling,Invasive,0.6,-0.304326625
Curcuma longa,Selling,Naturalized,1.5,0.308620133
Cuscuta campestris,Not Selling,Invasive,0.39,-0.447347535
Cuscuta epilinum,Not Selling,Invasive,0.55,-0.338379223
Cyanthillium cinereum,Not Selling,Naturalized,0.74,-0.208979351
Cyanus segetum,Selling,Introduced,0.524512195,-0.355737742
Cyclospermum leptophyllum,Not Selling,Invasive,0.345833333,-0.47742733
Cymbalaria muralis,Not Selling,Introduced,0.266,-0.531797977
Cymbopogon nardus,Not Selling,Introduced,2.4,0.921566891
Cynodon plectostachyus,Not Selling,Naturalized,1,-0.031905844
Cynosurus cristatus,Not Selling,Naturalized,0.245606796,-0.545686809
Cyperus esculentus,Not Selling,Invasive,0.40668,-0.435987589
Cyperus prolifer,Not Selling,Naturalized,0.6,-0.304326625
Cyperus rotundus,Selling,Invasive,0.25,-0.542694809
Cyperus surinamensis,Not Selling,Introduced,0.8,-0.168116234
Dactylis glomerata,Selling,Naturalized,0.43805612,-0.414618821
Dahlia pinnata,Selling,Naturalized,1.6,0.376725328
Dalbergia sissoo,Not Selling,Naturalized,25,1.606809143
Datura metel,Selling,Invasive,2,0.64914611
Datura stramonium,Selling,Invasive,1.229789474,0.124592727
Daucus carota,Not Selling,Invasive,0.49478268,-0.375985086
Derris elliptica,Not Selling,Invasive,10,1.090375543
Deschampsia atropurpurea,Not Selling,Naturalized,9.14,5.511857056
Desmanthus pernambucanus,Not Selling,Introduced,2,0.64914611
Desmanthus virgatus,Selling,Invasive,0.3138,-0.499243694
Desmodium scorpiurus,Not Selling,Naturalized,0.6,-0.304326625
Desmodium tortuosum,Not Selling,Introduced,1.547733333,0.341129013
Deutzia crenata,Selling,Naturalized,2.25,-0.447965997
Dianthus sylvestris,Not Selling,Naturalized,0.1838,-0.587780448
Dichanthium annulatum,Not Selling,Naturalized,1.638133333,0.402696109
Dieffenbachia seguine,Not Selling,Naturalized,1,-0.031905844
Digitalis purpurea,Selling,Naturalized,1.003852778,-0.029281902
Digitaria ciliaris,Not Selling,Naturalized,0.27432,-0.526131625
Dinebra retroflexa,Not Selling,Introduced,0.8,-0.168116234
Diodella teres,Not Selling,Invasive,0.201666667,-0.575612319
Diodia virginiana,Not Selling,Introduced,0.6,-0.304326625
Diplotaxis muralis,Not Selling,Introduced,0.241764706,-0.548303472
Dolichandra unguis-cati,Not Selling,Invasive,0.370666667,-0.460514539
Duranta erecta,Not Selling,Naturalized,1.5,-0.596837759
Dysphania ambrosioides,Not Selling,Invasive,0.582647059,-0.316144879
Dysphania pumilio,Not Selling,Invasive,0.566666667,-0.327028356
Echinochloa crus-galli,Not Selling,Naturalized,0.797357143,-0.169916157
Echinocystis lobata,Not Selling,Introduced,4.7,2.487986384
Eclipta prostrata,Selling,Naturalized,0.97536,-0.048686964
Egeria densa,Not Selling,Introduced,0.5,-0.37243182
Ehrharta erecta,Not Selling,Introduced,1,-0.031905844
Eichhornia crassipes,Selling,Invasive,2,0.64914611
Elaeis guineensis,Not Selling,Naturalized,20,3.075332369
Elephantopus tomentosus,Not Selling,Invasive,1,-0.031905844
Eleusine coracana,Not Selling,Naturalized,1,-0.031905844
Eleutheranthera ruderalis,Not Selling,Introduced,0.3,-0.508642211
Eleutherine bulbosa,Not Selling,Naturalized,0.4,-0.440537016
Emilia fosbergii,Not Selling,Naturalized,1,-0.031905844
Emilia sonchifolia,Selling,Naturalized,0.4,-0.440537016
Epiphyllum oxypetalum,Selling,Naturalized,6,0.296392813
Eragrostis ciliaris,Not Selling,Naturalized,0.675,-0.253247728
Eragrostis curvula,Not Selling,Invasive,0.655466667,-0.266550943
Erechtites hieracifolia,Not Selling,Naturalized,1,-0.031905844
Erechtites hieraciifolius,Not Selling,Introduced,1.383333333,0.229164072
Erechtites valerianifolia,Not Selling,Naturalized,3,1.330198063
Erechtites valerianifolius,Not Selling,Invasive,1,-0.031905844
Erigeron annuus,Selling,Invasive,0.72073913,-0.222097005
Erigeron bonariensis,Not Selling,Invasive,0.537583333,-0.346835618
Erigeron canadensis,Not Selling,Invasive,0.4884375,-0.380306483
Erigeron karvinskianus,Not Selling,Naturalized,0.29,-0.51545273
Erigeron philadelphicus,Not Selling,Invasive,0.85344,-0.131720818
Erigeron primulifolium,Not Selling,Invasive,0.0855,-0.654727855
Erigeron speciosus,Not Selling,Introduced,0.319878049,-0.495104227
Erigeron strigosus,Not Selling,Invasive,0.430714216,-0.419619039
Erigeron sumatrensis,Not Selling,Invasive,1.048,0.00078465
Eriocaulon melanocephalum,Not Selling,Naturalized,0.3,-0.508642211
Erodium moschatum,Not Selling,Naturalized,0.378333333,-0.455293141
Eryngium foetidum,Selling,Introduced,0.9,-0.100011039
Erysimum repandum,Not Selling,Invasive,0.220833333,-0.562558824
Erythrina bidwillii,Not Selling,Naturalized,9,-0.406076417
Eschscholzia californica,Selling,Naturalized,0.187796364,-0.585058716
Etlingera elatior,Not Selling,Naturalized,3.6,1.738829235
Eucalyptus exserta,Selling,Invasive,25,1.606809143
Eucalyptus globulus,Selling,Invasive,26.01222034,1.734151875
Eucalyptus robusta,Selling,Invasive,35.1444,2.883028911
Eupatorium adenophorum,Not Selling,Naturalized,2.5,0.989672086
Eupatorium cannabinum,Not Selling,Invasive,0.907142857,-0.095146382
Euphorbia antiquorum,Not Selling,Invasive,8,-0.531881765
Euphorbia cyathophora,Not Selling,Invasive,1,-0.031905844
Euphorbia dentata,Not Selling,Invasive,0.4,-0.440537016
Euphorbia graminea,Not Selling,Naturalized,0.8,-0.168116234
Euphorbia heterophylla,Not Selling,Invasive,0.933333333,-0.077309307
Euphorbia hirta,Selling,Invasive,2.4,0.921566891
Euphorbia hyssopifolia,Not Selling,Invasive,0.06,-0.67209468
Euphorbia lathyris,Selling,Naturalized,0.925,-0.08298474
Euphorbia maculata,Selling,Invasive,0.105,-0.641447342
Euphorbia marginata,Selling,Introduced,0.9,-0.100011039
Euphorbia milii,Selling,Naturalized,1.8,-0.537289054
Euphorbia neriifolia,Selling,Naturalized,8,0.693384178
Euphorbia nutans,Not Selling,Introduced,0.195155946,-0.580046459
Euphorbia peplus,Not Selling,Invasive,0.196395238,-0.579202436
Euphorbia prostrata,Not Selling,Invasive,0.125,-0.627826303
Euphorbia pulcherrima,Selling,Invasive,3.08,-0.283214581
Euphorbia serpens,Not Selling,Invasive,0.066,-0.668008368
Euphorbia tirucalli,Selling,Invasive,7,4.054405876
Euphorbia tithymaloides,Not Selling,Naturalized,3,-0.299094235
Eutrema japonicum,Not Selling,Naturalized,1,-0.031905844
Fallopia scandens,Not Selling,Introduced,0.412857143,-0.431780633
Festuca arundinacea,Selling,Invasive,0.71329568,-0.227166381
Festuca rubra,Selling,Invasive,0.348190826,-0.475821755
Flaveria bidentis,Not Selling,Invasive,1,-0.031905844
Foeniculum vulgare,Selling,Naturalized,1.446428571,0.272135207
Furcraea foetida,Not Selling,Naturalized,1,-0.031905844
Gaillardia aristata,Selling,Invasive,0.6096,-0.297788526
Gaillardia pulchella,Selling,Invasive,0.6096,-0.297788526
Galinsoga parviflora,Selling,Invasive,0.3795,-0.454498581
Galinsoga quadriradiata,Not Selling,Invasive,0.345,-0.477994873
Galium aparine,Not Selling,Introduced,0.450692468,-0.406012811
Gaura mollis,Not Selling,Invasive,3.6,1.738829235
Geranium carolinianum,Selling,Invasive,0.2,-0.576747406
Geranium molle,Not Selling,Naturalized,0.25519697,-0.539155402
Glebionis coronaria,Not Selling,Invasive,0.3,-0.508642211
Gliricidia sepium,Not Selling,Introduced,19.812,0.954131
Glyceria maxima,Not Selling,Introduced,1.563636364,0.351959803
Gnaphalium pensylvanicum,Selling,Naturalized,0.45,-0.406484418
Gnaphalium polycaulon,Not Selling,Naturalized,0.25,-0.542694809
Gnaphalium purpureum,Not Selling,Naturalized,0.042,-0.684353615
Gomphrena celosioides,Not Selling,Introduced,0.35,-0.474589613
Gomphrena globosa,Selling,Naturalized,0.6,-0.304326625
Grindelia squarrosa,Not Selling,Introduced,0.9,-0.100011039
Gymnocoronis spilanthoides,Not Selling,Introduced,1.5,0.308620133
Helenium autumnale,Not Selling,Introduced,0.707946667,-0.230809336
Helenium bigelovii,Not Selling,Invasive,0.9,-0.100011039
Helianthus annuus,Not Selling,Naturalized,2.470385714,0.969503219
Helianthus laetiflorus,Not Selling,Naturalized,0.928333333,-0.080714567
Helianthus petiolaris,Not Selling,Naturalized,3,1.330198063
Helianthus tuberosus,Selling,Naturalized,1.941802667,0.609510702
Heliotropium ellipticum,Not Selling,Invasive,0.2,-0.576747406
Heliotropium europaeum,Selling,Invasive,0.2,-0.576747406
Heliotropium indicum,Not Selling,Naturalized,1.5,0.308620133
Hesperis matronalis,Selling,Naturalized,0.61372381,-0.294979997
Hibiscus trionum,Not Selling,Invasive,0.584090909,-0.315161542
Hippeastrum striatum,Not Selling,Naturalized,0.45,-0.406484418
Hippeastrum vittatum,Selling,Invasive,0.45,-0.406484418
Hippobroma longiflora,Not Selling,Invasive,0.35,-0.474589613
Holcus lanatus,Selling,Introduced,0.450464636,-0.406167977
Homalocladium platycladum,Not Selling,Naturalized,3,-0.299094235
Hordeum bulbosum,Not Selling,Naturalized,0.8,-0.168116234
Hordeum jubatum,Selling,Invasive,0.5,-0.37243182
Hydrocotyle verticillata,Not Selling,Invasive,0.1,-0.644852602
Hydrocotyle vulgaris,Not Selling,Naturalized,0.153508696,-0.6084104
Hypochaeris radicata,Not Selling,Naturalized,0.22462615,-0.559975719
Hyptis capitata,Not Selling,Invasive,2.2,0.7853565
Hyptis suaveolens,Selling,Invasive,1.6,0.376725328
Impatiens balsamina,Selling,Invasive,0.51,-0.365621301
Impatiens walleriana,Selling,Introduced,0.7,-0.23622143
Indigofera suffruticosa,Selling,Introduced,1.5,-0.596837759
Ipomoea alba,Not Selling,Introduced,10,6.097561736
Ipomoea cairica,Selling,Invasive,6,3.373353923
Ipomoea carnea,Not Selling,Invasive,3.125,1.415329557
Ipomoea mauritiana,Not Selling,Invasive,1.8,0.512935719
Ipomoea nil,Selling,Invasive,1.5,0.308620133
Ipomoea quamoclit,Not Selling,Invasive,4.6,2.419881188
Ipomoea triloba,Selling,Invasive,2.1,0.717251305
Ipomoea turbinata,Not Selling,Naturalized,2.4,0.921566891
Iresine herbstii,Selling,Naturalized,2,0.64914611
Jasminum sambac,Selling,Naturalized,1.53,0.329051692
Jatropha curcas,Selling,Introduced,8,-0.531881765
Justicia comata,Not Selling,Naturalized,3,1.330198063
Kickxia elatine,Not Selling,Introduced,0.278461538,-0.523311023
Kyllinga polyphylla,Not Selling,Naturalized,0.9,-0.100011039
Lablab purpureus,Selling,Naturalized,1.2192,0.117380745
Lactuca sativa,Selling,Naturalized,0.7,-0.23622143
Lactuca serriola,Selling,Invasive,1.140217391,0.063589484
Lagascea mollis,Not Selling,Naturalized,1,-0.031905844
Lamium purpureum,Not Selling,Naturalized,0.231507937,-0.555288864
Lantana camara,Selling,Invasive,2.88,-0.322913717
Lantana montevidensis,Not Selling,Introduced,1,-0.6960856
Lepidium bonariense,Not Selling,Invasive,0.44,-0.413294937
Lepidium campestre,Not Selling,Invasive,0.387727273,-0.44889538
Lepidium densiflorum,Not Selling,Introduced,0.25702381,-0.537911229
Lepidium didymum,Not Selling,Invasive,0.22275,-0.561253474
Lepidium virginicum,Selling,Invasive,0.42125,-0.426064662
Leucaena leucocephala,Selling,Invasive,5.95264,0.286992057
Leucanthemum vulgare,Not Selling,Invasive,0.366027857,-0.46367381
Lindernia dubia,Not Selling,Naturalized,0.066666667,-0.667554333
Linum striatum,Not Selling,Naturalized,0.79248,-0.173237745
Linum usitatissimum,Selling,Naturalized,0.562963636,-0.329550313
Lobularia maritima,Selling,Naturalized,0.201333333,-0.575839337
Lolium multiflorum,Not Selling,Introduced,0.497923077,-0.373846313
Lolium perenne,Selling,Introduced,0.258066559,-0.537201063
Lolium persicum,Not Selling,Invasive,0.7,-0.23622143
Lolium remotum,Not Selling,Introduced,0.568571429,-0.325731115
Lolium rigidum,Not Selling,Naturalized,0.394535394,-0.444258696
Lolium temulentum,Not Selling,Invasive,0.75,-0.202168832
Lonicera sempervirens,Not Selling,Naturalized,4.99872,0.097643055
Lotus corniculatus,Selling,Naturalized,0.257232109,-0.537769367
Ludwigia hyssopifolia,Selling,Naturalized,2,0.64914611
Ludwigia leptocarpa,Not Selling,Introduced,3,1.330198063
Macroptilium atropurpureum,Not Selling,Introduced,1.2192,0.117380745
Macrotyloma uniflorum,Not Selling,Naturalized,0.6,-0.304326625
Malvastrum americanum,Not Selling,Introduced,0.5,-0.37243182
Malvastrum coromandelianum,Selling,Invasive,0.666666667,-0.762250828
Mangifera indica,Selling,Naturalized,17.406,0.651443334
Manihot esculenta,Selling,Naturalized,3.5096,-0.197940835
Martynia annua,Not Selling,Introduced,1.83,0.533367278
Matricaria matricarioides,Not Selling,Naturalized,0.1197,-0.631435878
Medicago minima,Not Selling,Introduced,0.137513294,-0.619304099
Medicago polymorpha,Not Selling,Invasive,0.271678431,-0.527930671
Medicago sativa,Selling,Invasive,0.663830063,-0.260855036
Melilotus officinalis,Selling,Invasive,0.775065957,-0.185097613
Melinis minutiflora,Selling,Introduced,1.5,0.308620133
Melinis repens,Not Selling,Invasive,0.783,-0.179694117
Mentha spicata,Selling,Naturalized,0.598333333,-0.305461712
Mimosa bimucronata,Not Selling,Invasive,11,1.288871225
Mimosa diplotricha,Not Selling,Introduced,0.6,-0.304326625
Mimosa invisa,Not Selling,Invasive,0.866666667,-0.12271277
Mimosa pigra,Not Selling,Introduced,2.7,1.125882477
Mimosa pudica,Selling,Invasive,7.333333333,0.561053723
Mirabilis jalapa,Selling,Invasive,1.5,0.308620133
Mitracarpus hirtus,Not Selling,Invasive,0.163333333,-0.601719311
Mollugo verticillata,Not Selling,Naturalized,0.065714286,-0.668202954
Morinda lucida,Not Selling,Naturalized,18,2.678341004
Moringa oleifera,Selling,Naturalized,12,-0.028660375
Muntingia calabura,Not Selling,Naturalized,12.5,0.034242299
Myosotis arvensis,Not Selling,Naturalized,0.305458621,-0.504924606
Myriophyllum aquaticum,Not Selling,Invasive,2,0.64914611
Nasturtium officinale,Selling,Invasive,0.5495,-0.338719749
Neonotonia wightii,Not Selling,Naturalized,0.762,-0.193996208
Nicandra physalodes,Selling,Invasive,0.493333333,-0.376972167
Nicotiana alata,Not Selling,Naturalized,1.5,0.308620133
Nymphaea alba,Selling,Naturalized,1.07625,0.020024368
Ochrosia elliptica,Not Selling,Invasive,6,-0.78349246
Ocimum basilicum,Selling,Invasive,0.4,-0.440537016
Oenothera biennis,Selling,Introduced,0.863794231,-0.124669049
Oenothera curtiflora,Not Selling,Invasive,0.6,-0.304326625
Oenothera drummondii,Selling,Invasive,0.6,-0.304326625
Oenothera glazioviana,Selling,Invasive,0.922727273,-0.084532585
Oenothera laciniata,Not Selling,Introduced,0.6,-0.304326625
Oenothera oakesiana,Not Selling,Introduced,0.54,-0.345189742
Oenothera parviflora,Not Selling,Introduced,0.963636364,-0.056671369
Oenothera rosea,Selling,Invasive,0.234,-0.55359164
Oenothera speciosa,Not Selling,Introduced,0.61,-0.297516105
Oenothera stricta,Selling,Introduced,0.766666667,-0.190817966
Oenothera tetraptera,Not Selling,Introduced,0.4,-0.440537016
Oenothera villosa,Not Selling,Introduced,2,0.64914611
Opuntia cochenillifera,Not Selling,Introduced,1.4,-0.616687327
Opuntia ficus-indica,Selling,Invasive,1.7192,-0.553327505
Opuntia monacantha,Not Selling,Invasive,7,0.494888495
Opuntia stricta,Not Selling,Introduced,3,-0.299094235
Orobanche brassicae,Not Selling,Invasive,0.3,-0.508642211
Oxalis bowiei,Selling,Introduced,0.15,-0.610800004
Oxalis corniculata,Selling,Invasive,0.120234375,-0.631071941
Oxalis pes-caprae,Selling,Naturalized,0.354285714,-0.471670819
Oxalis triangularis,Not Selling,Invasive,0.2,-0.576747406
Oxybaphus nyctagineus,Not Selling,Introduced,1,-0.031905844
Panicum acuminatum,Not Selling,Introduced,0.226806827,-0.558490564
Panicum dichotomiflorum,Not Selling,Invasive,1.268613333,0.151033792
Panicum maximum,Not Selling,Invasive,1.010923077,-0.024466661
Papaver nudicaule,Not Selling,Naturalized,0.1,-0.644852602
Parapholis incurva,Not Selling,Invasive,0.075333333,-0.661651883
Parthenium argentatum,Not Selling,Introduced,0.3,-0.508642211
Parthenium hysterophorus,Selling,Invasive,0.17,-0.597178965
Parthenocissus quinquefolia,Selling,Introduced,2.777235,-0.343312126
Paspalidium flavidum,Not Selling,Naturalized,1,-0.031905844
Paspalum conjugatum,Not Selling,Invasive,0.9144,-0.090203891
Paspalum dilatatum,Not Selling,Invasive,0.700977778,-0.235555512
Paspalum distichum,Not Selling,Invasive,0.364864,-0.464466457
Paspalum fimbriatum,Not Selling,Introduced,1,-0.031905844
Paspalum malacophyllum,Not Selling,Introduced,1,-0.031905844
Paspalum notatum,Selling,Introduced,0.352510186,-0.472880046
Paspalum plicatulum,Not Selling,Introduced,0.460905444,-0.399057244
Paspalum urvillei,Not Selling,Introduced,0.033913043,-0.689861253
Paspalum virgatum,Not Selling,Introduced,1.5,0.308620133
Passiflora edulis,Selling,Invasive,6,3.373353923
Passiflora foetida,Selling,Invasive,2.3,0.853461696
Passiflora suberosa,Not Selling,Invasive,0.088333333,-0.652798208
Pennisetum glaucum,Not Selling,Naturalized,0.628066667,-0.285211767
Pennisetum polystachion,Not Selling,Invasive,1.15,0.070251949
Pennisetum purpureum,Selling,Introduced,3.048,1.362888557
Peperomia pellucida,Not Selling,Invasive,0.3,-0.508642211
Pereskia aculeata,Selling,Introduced,10,1.090375543
Persicaria pensylvanica,Not Selling,Naturalized,0.414166667,-0.430888779
Petunia hybrida,Not Selling,Naturalized,0.6,-0.304326625
Phalaris canariensis,Not Selling,Naturalized,0.550416667,-0.338095451
Phalaris minor,Not Selling,Introduced,1.125,0.053225651
Phalaris paradoxa,Not Selling,Introduced,0.416666667,-0.429186149
Phaseolus coccineus,Selling,Naturalized,3.25,1.500461051
Phaseolus vulgaris,Selling,Naturalized,1.115,0.046415131
Phleum pratense,Selling,Introduced,0.570776765,-0.324229166
Phyllanthus amarus,Not Selling,Introduced,0.75,-0.202168832
Phyllanthus debilis,Not Selling,Introduced,0.6,-0.304326625
Phyllanthus niruri,Not Selling,Introduced,0.71,-0.22941091
Phyllanthus tenellus,Not Selling,Introduced,1,-0.031905844
Physalis angulata,Not Selling,Invasive,0.5,-0.37243182
Physalis grisea,Not Selling,Introduced,0.6,-0.304326625
Physalis ixocarpa,Not Selling,Introduced,0.9,-0.100011039
Physalis lagascae,Not Selling,Invasive,1,-0.031905844
Physalis peruviana,Selling,Introduced,0.5,-0.37243182
Physalis philadelphica,Not Selling,Invasive,1.2,0.104304547
Physalis pubescens,Selling,Introduced,0.5,-0.37243182
Phytolacca americana,Selling,Invasive,2.142730909,0.746353274
Pilea microphylla,Selling,Invasive,0.17,-0.597178965
Piper betle,Selling,Naturalized,6,3.373353923
Pithecellobium dulce,Not Selling,Naturalized,20,0.977782406
Pittosporum tobira,Selling,Naturalized,4.614555556,0.021388072
Plantago aristata,Not Selling,Introduced,0.3,-0.508642211
Plantago indica,Not Selling,Naturalized,0.24435,-0.546542752
Plantago lanceolata,Selling,Naturalized,0.174142101,-0.594357979
Plantago virginica,Not Selling,Invasive,0.015,-0.702742018
Pluchea carolinensis,Not Selling,Invasive,4,-0.100598553
Pluchea sagittalis,Not Selling,Invasive,1.5,0.308620133
Plumeria rubra,Selling,Naturalized,5,-0.909297808
Poa annua,Selling,Naturalized,0.175590128,-0.593371797
Poa compressa,Not Selling,Naturalized,0.297520339,-0.510330989
Poa pratensis,Selling,Naturalized,0.303047833,-0.506566478
Poa trivialis,Selling,Naturalized,0.297043896,-0.510655471
Polygala paniculata,Not Selling,Naturalized,0.5,-0.37243182
Polygonum aviculare,Selling,Introduced,0.417727273,-0.428463822
Porophyllum ruderale,Not Selling,Invasive,1.8,0.512935719
Portulaca grandiflora,Selling,Naturalized,0.3,-0.508642211
Portulaca oleracea,Selling,Naturalized,0.093411765,-0.649339532
Portulaca pilosa,Selling,Invasive,0.2,-0.576747406
Potamogeton vaseyi,Not Selling,Naturalized,0.61,-0.297516105
Praxelis clematidea,Not Selling,Invasive,1,-0.031905844
Prunella grandiflora,Selling,Naturalized,0.18958,-0.583843968
Pseudelephantopus spicatus,Not Selling,Invasive,1,-0.031905844
Psidium guajava,Selling,Introduced,9.648,1.020505063
Punica granatum,Selling,Naturalized,6.376444444,0.371115409
Pupalia micrantha,Not Selling,Naturalized,1.5,0.308620133
Pyrostegia venusta,Selling,Naturalized,5,0.09789713
Ranunculus arvensis,Not Selling,Invasive,0.367307692,-0.462802176
Ranunculus marginatus,Not Selling,Invasive,0.4,-0.440537016
Ranunculus muricatus,Selling,Invasive,0.26,-0.535884289
Ranunculus sardous,Not Selling,Introduced,0.225,-0.559721107
Raphanus raphanistrum,Selling,Introduced,0.494568182,-0.37613117
Rapistrum rugosum,Not Selling,Invasive,0.546052632,-0.341067585
Rauvolfia tetraphylla,Not Selling,Naturalized,2,-0.497589918
Reseda lutea,Not Selling,Invasive,0.447619048,-0.40810597
Rhus typhina,Not Selling,Introduced,2.103065366,-1.273747676
Rhynchospora submarginata,Not Selling,Naturalized,0.6,-0.304326625
Ribes multiflorum,Not Selling,Naturalized,2,-0.497589918
Ribes nigrum,Selling,Naturalized,1.575,-0.581950583
Ribes uva-crispa,Not Selling,Naturalized,1.009677419,-0.694164675
Richardia brasiliensis,Not Selling,Invasive,0.45,-0.406484418
Richardia scabra,Not Selling,Invasive,0.6,-0.304326625
Ricinus communis,Selling,Invasive,4.6,2.419881188
Rivina humilis,Not Selling,Introduced,0.75,-0.745709521
Robinia pseudoacacia,Selling,Invasive,15.58032798,0.421764031
Rollinia mucosa,Not Selling,Naturalized,3.748181818,-1.066783229
Rorippa amphibia,Not Selling,Invasive,0.771153846,-0.187761964
Rorippa austriaca,Not Selling,Naturalized,0.715,-0.22600565
Rosmarinus officinalis,Selling,Naturalized,0.69581405,-0.756465198
Rotala ramosior,Not Selling,Naturalized,0.07,-0.66528416
Rudbeckia hirta,Selling,Invasive,0.441378571,-0.412356059
Rudbeckia laciniata,Selling,Invasive,1.654113333,0.41357932
Ruellia simplex,Not Selling,Naturalized,0.91,-0.093200519
Ruellia tuberosa,Not Selling,Invasive,0.7,-0.23622143
Sagittaria graminea,Not Selling,Introduced,0.6,-0.304326625
Salicornia bigelovii,Not Selling,Introduced,0.6,-0.304326625
Salix fragilis,Not Selling,Naturalized,12.53573996,0.038738577
Salvia coccinea,Selling,Introduced,0.9,-0.100011039
Salvia occidentalis,Not Selling,Introduced,0.5,-0.37243182
Salvia sclarea,Not Selling,Introduced,0.598933333,-0.305053081
Sansevieria trifasciata,Selling,Introduced,0.7,-0.23622143
Sanvitalia procumbens,Selling,Naturalized,0.35,-0.474589613
Saponaria officinalis,Selling,Naturalized,0.57555619,-0.320974129
Saussurea costus,Selling,Naturalized,2,0.64914611
Sclerocarpus africanus,Not Selling,Naturalized,1.2,0.104304547
Scoparia dulcis,Selling,Invasive,0.6,-0.304326625
Secale cereale,Selling,Invasive,1.4084,0.246235774
Sechium edule,Selling,Naturalized,12,7.459665643
Securigera varia,Not Selling,Invasive,0.499142188,-0.373016035
Sedum mexicanum,Not Selling,Naturalized,0.1,-0.644852602
Senecio inaequidens,Not Selling,Naturalized,0.609,-0.298197157
Senecio radicans,Not Selling,Naturalized,0.9,-0.100011039
Senna alata,Not Selling,Introduced,3,-0.299094235
Senna corymbosa,Not Selling,Invasive,2.5,-0.398342077
Senna didymobotrya,Not Selling,Invasive,9,0.89187986
Senna fruticosa,Not Selling,Invasive,6,0.296392813
Senna hirsuta,Not Selling,Introduced,3,1.330198063
Senna occidentalis,Not Selling,Invasive,2,-0.497589918
Senna siamea,Not Selling,Naturalized,20,0.977782406
Senna surattensis,Not Selling,Naturalized,10,1.090375543
Senna tora,Not Selling,Naturalized,0.9,-0.100011039
Sesbania cannabina,Selling,Invasive,1.247733333,0.136813427
Sesbania grandiflora,Not Selling,Introduced,6.096,3.43873491
Sesbania herbacea,Not Selling,Invasive,3,1.330198063
Sesbania sesban,Not Selling,Introduced,8,4.735457829
Setaria parviflora,Not Selling,Introduced,0.316785714,-0.497210268
Setaria sphacelata,Not Selling,Introduced,0.656333333,-0.265960698
Sherardia arvensis,Not Selling,Introduced,0.16,-0.603989484
Sicyos angulatus,Not Selling,Introduced,5,2.69230197
Sida acuta,Selling,Invasive,2,0.64914611
Sida spinosa,Not Selling,Naturalized,0.45,-0.406484418
Silene armeria,Selling,Naturalized,0.455,-0.403079158
Silene gallica,Selling,Introduced,0.27415,-0.526247404
Silene vulgaris,Not Selling,Invasive,0.393462963,-0.444989077
Silphium perfoliatum,Not Selling,Invasive,2.1336,0.740134651
Silybum marianum,Selling,Introduced,1.282,0.160150807
Sinapis alba,Selling,Naturalized,0.478636364,-0.386981566
Sinapis arvensis,Not Selling,Naturalized,0.539130435,-0.345781961
Sisymbrium altissimum,Not Selling,Naturalized,0.704772727,-0.232970955
Sisymbrium irio,Not Selling,Naturalized,0.360294118,-0.467578784
Sisymbrium officinale,Not Selling,Naturalized,0.493814815,-0.376644253
Sisymbrium orientale,Not Selling,Naturalized,0.597222222,-0.306218436
Sisyrinchium atlanticum,Not Selling,Naturalized,0.7,-0.23622143
Sisyrinchium micranthum,Not Selling,Naturalized,0.2,-0.576747406
Sisyrinchium rosulatum,Not Selling,Naturalized,0.91,-0.093200519
Smallanthus uvedalia,Not Selling,Invasive,2,0.64914611
Solanum americanum,Not Selling,Invasive,0.647142857,-0.27221989
Solanum betaceum,Not Selling,Naturalized,2,-0.497589918
Solanum carolinense,Not Selling,Introduced,1.2,0.104304547
Solanum chrysotrichum,Not Selling,Invasive,1.5,-0.596837759
Solanum diphyllum,Not Selling,Introduced,2,-0.497589918
Solanum donianum,Not Selling,Naturalized,1.8,-0.537289054
Solanum elaeagnifolium,Not Selling,Invasive,0.4,-0.81518301
Solanum erianthum,Not Selling,Invasive,1.892266667,-1.30026728
Solanum lycopersicum,Selling,Naturalized,1.5,0.308620133
Solanum mauritianum,Not Selling,Introduced,4.5,-0.001350711
Solanum pseudocapsicum,Selling,Introduced,0.766666667,-0.190817966
Solanum rostratum,Not Selling,Invasive,0.7,-0.23622143
Solanum scabrum,Not Selling,Introduced,0.35,-0.474589613
Solanum seaforthianum,Not Selling,Naturalized,6,0.296392813
Solanum sisymbriifolium,Not Selling,Introduced,1.75,0.478883121
Solanum torvum,Selling,Invasive,1,-0.6960856
Solanum triflorum,Not Selling,Introduced,0.758333333,-0.196493399
Solanum wrightii,Not Selling,Naturalized,9,0.89187986
Solidago altissima,Not Selling,Naturalized,1.8,0.512935719
Solidago canadensis,Selling,Invasive,0.829089436,-0.148304817
Soliva anthemifolia,Not Selling,Invasive,0.15,-0.610800004
Soliva sessilis,Not Selling,Invasive,0.026,-0.695250446
Sonchus arvensis,Selling,Invasive,1.1225,0.051523021
Sonchus asper,Selling,Introduced,0.477967456,-0.387437127
Sonchus oleraceus,Selling,Invasive,0.946353571,-0.068441849
Sorghum �almum,Not Selling,Introduced,2.4,0.921566891
Sorghum �drummondii,Not Selling,Introduced,3,1.330198063
Sorghum halepense,Not Selling,Invasive,1.240295455,0.131747845
Spartina alterniflora,Not Selling,Invasive,0.78,-0.181737273
Spartina anglica,Selling,Invasive,0.419241379,-0.427432637
Spergula arvensis,Not Selling,Naturalized,0.282564558,-0.520516653
Spermacoce alata,Not Selling,Invasive,0.6,-0.304326625
Spermacoce ocymifolia,Not Selling,Naturalized,1,-0.031905844
Spermacoce remota,Not Selling,Invasive,0.7,-0.23622143
Sphagneticola trilobata,Not Selling,Invasive,0.7,-0.23622143
Sporobolus pyramidatus,Not Selling,Introduced,0.7,-0.23622143
Sporobolus tenuissimus,Not Selling,Naturalized,0.8,-0.168116234
Stachys arvensis,Not Selling,Introduced,0.178125,-0.591645418
Stellaria media,Selling,Invasive,0.317183721,-0.496939204
Stellaria pallida,Not Selling,Invasive,0.282692308,-0.520429648
Stemodia verticillata,Not Selling,Invasive,0.15,-0.610800004
Stylosanthes guianensis,Not Selling,Introduced,1.2,-0.656386464
Symphytum officinale,Selling,Introduced,0.769444444,-0.188926155
Synedrella nodiflora,Selling,Invasive,0.5,-0.37243182
Syzygium jambos,Not Selling,Naturalized,12.786,0.070222628
Tacca leontopetaloides,Not Selling,Naturalized,1,-0.031905844
Tagetes erecta,Not Selling,Introduced,1.2,0.104304547
Tagetes minima,Not Selling,Invasive,1.2,0.104304547
Tagetes minuta,Not Selling,Invasive,0.7,-0.23622143
Talinum fruticosum,Not Selling,Introduced,1,-0.031905844
Talinum paniculatum,Selling,Invasive,0.9,-0.100011039
Tamarindus indica,Selling,Invasive,16.46133333,0.532599215
Tanacetum parthenifolium,Not Selling,Invasive,0.4,-0.440537016
Tanacetum vulgare,Selling,Introduced,0.784904762,-0.178396876
Taraxacum campylodes,Not Selling,Invasive,0.208486713,-0.570967514
Tarlmounia elliptica,Not Selling,Naturalized,4.7,2.487986384
Tephrosia candida,Selling,Introduced,3,-0.299094235
Tephrosia noctiflora,Not Selling,Naturalized,1.5,-0.596837759
Tephrosia vogelii,Not Selling,Naturalized,4,2.011250016
Tetragonia tetragonioides,Not Selling,Invasive,0.293333333,-0.513182557
Thunbergia affinis,Not Selling,Naturalized,5,0.09789713
Thunbergia alata,Selling,Introduced,5,0.09789713
Tinantia erecta,Not Selling,Invasive,0.8,-0.168116234
Tradescantia fluminensis,Not Selling,Invasive,0.22,-0.563126367
Tradescantia pallida,Not Selling,Invasive,0.45,-0.406484418
Tradescantia zebrina,Not Selling,Invasive,0.22,-0.563126367
Tribulus cistoides,Selling,Naturalized,0.3,-0.508642211
Tridax procumbens,Not Selling,Invasive,0.5,-0.37243182
Trifolium alexandrinum,Not Selling,Naturalized,0.4536,-0.404032631
Trifolium aureum,Not Selling,Naturalized,0.304166667,-0.505804494
Trifolium campestre,Not Selling,Naturalized,0.224303356,-0.560195558
Trifolium dubium,Not Selling,Naturalized,0.253991692,-0.539976259
Trifolium eximium,Not Selling,Naturalized,0.15,-0.610800004
Trifolium fragiferum,Selling,Naturalized,0.220998765,-0.562446156
Trifolium hybridum,Not Selling,Introduced,0.455059091,-0.403038914
Trifolium incarnatum,Selling,Introduced,0.232322727,-0.55473395
Trifolium medium,Not Selling,Naturalized,0.313333333,-0.499561518
Trifolium pratense,Selling,Invasive,0.336431256,-0.483830633
Trifolium repens,Selling,Invasive,0.173343644,-0.59490177
Trigonella foenum-graecum,Selling,Naturalized,0.4075,-0.435429126
Trigonella hamosa,Not Selling,Naturalized,0.3,-0.508642211
Triodanis perfoliata,Not Selling,Introduced,0.26,-0.535884289
Tripsacum dactyloides,Not Selling,Naturalized,1.524,0.32496538
Tropaeolum majus,Selling,Naturalized,0.83625,-0.143428101
Ulex europaeus,Not Selling,Invasive,1.580645161,-0.580830043
Ulmus laevis,Selling,Naturalized,28.24615385,2.015192657
Vaccaria hispanica,Not Selling,Invasive,0.557222222,-0.333460514
Vachellia nilotica,Not Selling,Introduced,20,0.977782406
Verbena bonariensis,Not Selling,Introduced,1.3,0.172409742
Verbena bracteata,Not Selling,Introduced,0.144545455,-0.614514832
Verbena brasiliensis,Not Selling,Introduced,2.1,0.717251305
Verbena stricta,Not Selling,Introduced,0.756129032,-0.197994643
Veronica arvensis,Not Selling,Invasive,0.140616761,-0.617190477
Veronica hederifolia,Not Selling,Invasive,0.247,-0.544737964
Veronica peregrina,Selling,Invasive,0.1453125,-0.613992435
Veronica persica,Selling,Invasive,0.1964,-0.579199193
Veronica polita,Not Selling,Invasive,0.249,-0.543375861
Vicia sativa,Selling,Introduced,0.325425,-0.491326465
Vicia villosa,Selling,Invasive,0.653438889,-0.267931965
Viola arvensis,Not Selling,Naturalized,0.210294118,-0.569736577
Voacanga africana,Not Selling,Invasive,12,-0.028660375
Vulpia myuros,Selling,Naturalized,0.181515498,-0.589336312
Waltheria indica,Selling,Invasive,0.966666667,-0.702702123
Xanthium spinosum,Not Selling,Invasive,0.56875,-0.325609498
Xanthium strumarium,Not Selling,Invasive,0.723529412,-0.220196678
Xanthosoma sagittifolium,Not Selling,Invasive,2,0.64914611
Zea mexicana,Not Selling,Naturalized,4.5,2.351775993
Zephyranthes candida,Selling,Invasive,0.3,-0.508642211
Zephyranthes carinata,Selling,Invasive,0.3,-0.508642211
Zephyranthes minuta,Not Selling,Invasive,0.3,-0.508642211
Zinnia elegans,Selling,Invasive,0.4,-0.440537016
Zinnia peruviana,Selling,Invasive,0.5,-0.37243182
