Species,Sale Availability,invasion_status,MRT
Abutilon theophrasti,Selling,Invasive,166
Acacia dealbata,Selling,Invasive,83
Acacia decurrens,Not selling,Invasive,98
Acacia farnesiana,Selling,Invasive,282
Acacia longifolia,Not selling,Invasive,12
Acacia mangium,Selling,Introduced,39
Acacia mearnsii,Not selling,Invasive,71
Acacia senegal,Not selling,Invasive,76
Acanthospermum australe,Not selling,Naturalized,86
Acanthospermum hispidum,Not selling,Invasive,86
Acer negundo,Selling,Introduced,121
Achillea millefolium,Selling,Introduced,166
Acmella ciliata,Selling,Naturalized,50
Acmella radicans,Not selling,Invasive,8
Acmella uliginosa,Not selling,Naturalized,54
Aeschynomene americana,Not selling,Invasive,97
Agave americana,Selling,Invasive,122
Agave sisalana,Not selling,Introduced,68
Ageratina adenophora,Not selling,Invasive,31
Ageratum conyzoides,Selling,Invasive,169
Ageratum houstonianum,Selling,Invasive,121
Agrostemma githago,Selling,Invasive,122
Albizia lebbeck,Selling,Invasive,137
Alliaria petiolata,Not selling,Invasive,94
Alopecurus myosuroides,Not selling,Naturalized,79
Alternanthera bettzickiana,Selling,Naturalized,105
Alternanthera paronychioides,Not selling,Introduced,91
Alternanthera philoxeroides,Selling,Invasive,92
Alternanthera pungens,Selling,Invasive,65
Alyssum alyssoides,Not selling,Invasive,94
Amaranthus albus,Selling,Invasive,101
Amaranthus blitoides,Not selling,Introduced,96
Amaranthus blitum,Not selling,Invasive,117
Amaranthus caudatus,Selling,Invasive,166
Amaranthus cruentus,Selling,Invasive,123
Amaranthus dubius,Not selling,Introduced,53
Amaranthus hybridus,Selling,Invasive,144
Amaranthus hypochondriacus,Selling,Introduced,92
Amaranthus palmeri,Not selling,Invasive,37
Amaranthus polygonoides,Not selling,Invasive,20
Amaranthus powellii,Not selling,Invasive,28
Amaranthus retroflexus,Selling,Invasive,117
Amaranthus spinosus,Not selling,Invasive,121
Amaranthus standleyanus,Not selling,Introduced,19
Amaranthus tenuifolius,Not selling,Introduced,10
Amaranthus tortuosus,Not selling,Invasive,53
Amaranthus tricolor,Selling,Introduced,121
Amaranthus tuberculatus,Not selling,Invasive,18
Amaranthus viridis,Selling,Invasive,159
Amberboa moschata,Not selling,Naturalized,166
Ambrosia artemisiifolia,Not selling,Invasive,65
Ambrosia psilostachya,Not selling,Invasive,30
Ambrosia trifida,Not selling,Invasive,113
Ammannia coccinea,Not selling,Invasive,18
Ammi majus,Selling,Invasive,96
Amorpha fruticosa,Selling,Naturalized,103
Anagallis arvensis,Selling,Naturalized,122
Andrographis paniculata,Selling,Naturalized,98
Annona glabra,Not selling,Naturalized,79
Anredera cordifolia,Selling,Invasive,96
Anredera vesicaria,Not selling,Invasive,45
Anthemis arvensis,Not selling,Introduced,120
Anthriscus caucalis,Not selling,Introduced,113
Antigonon leptopus,Not selling,Introduced,103
Arachis duranensis,Not selling,Naturalized,21
Arachis hypogaea,Selling,Naturalized,157
Argemone mexicana,Not selling,Invasive,159
Argyreia nervosa,Not selling,Naturalized,88
Armoracia rusticana,Selling,Naturalized,96
Arrhenatherum elatius,Selling,Invasive,96
Artemisia annua,Selling,Naturalized,282
Asclepias curassavica,Selling,Introduced,169
Asparagus densiflorus,Selling,Invasive,102
Asparagus setaceus,Selling,Naturalized,100
Aster subulatus,Not selling,Invasive,89
Atriplex canescens,Not selling,Invasive,94
Atriplex hortensis,Not selling,Naturalized,91
Atriplex nummularia,Not selling,Invasive,26
Avena fatua,Selling,Invasive,137
Avena sterilis,Not selling,Invasive,91
Axonopus compressus,Not selling,Introduced,96
Axonopus fissifolius,Not selling,Invasive,19
Azolla filiculoides,Not selling,Invasive,100
Basella alba,Selling,Invasive,110
Begonia cucullata,Not selling,Invasive,69
Berberis thunbergii,Selling,Naturalized,98
Bidens bipinnata,Selling,Invasive,169
Bidens frondosa,Not selling,Invasive,96
Bidens pilosa,Selling,Invasive,265
Bixa orellana,Not selling,Naturalized,122
Boerhavia erecta,Not selling,Naturalized,51
Borago officinalis,Not selling,Invasive,86
Bougainvillea glabra,Not selling,Naturalized,100
Bougainvillea spectabilis,Not selling,Naturalized,106
Brachiaria brizantha,Not selling,Invasive,42
Brachiaria eruciformis,Not selling,Invasive,95
Brachiaria mutica,Not selling,Invasive,91
Brachiaria plantaginea,Not selling,Naturalized,91
Brassica juncea,Selling,Naturalized,137
Bromus arvensis,Not selling,Introduced,166
Bromus catharticus,Not selling,Invasive,69
Bromus rigidus,Not selling,Naturalized,89
Brugmansia suaveolens,Not selling,Invasive,99
Bryophyllum daigremontianum,Not selling,Introduced,44
Bryophyllum delagoense,Not selling,Introduced,9
Bryophyllum pinnatum,Selling,Invasive,104
Buchloe dactyloides,Selling,Introduced,69
Bunias orientalis,Not selling,Invasive,90
Cabomba caroliniana,Not selling,Invasive,24
Caesalpinia pulcherrima,Selling,Naturalized,169
Cajanus cajan,Selling,Invasive,169
Caladium bicolor,Selling,Naturalized,79
Callisia repens,Not selling,Invasive,19
Calopogonium mucunoides,Not selling,Invasive,97
Calotropis procera,Not selling,Invasive,138
Calyptocarpus vialis,Not selling,Invasive,24
Canavalia ensiformis,Not selling,Naturalized,105
Canna indica,Selling,Naturalized,169
Cannabis sativa,Not selling,Invasive,157
Capsella bursa-pastoris,Selling,Naturalized,166
Capsicum annuum,Selling,Naturalized,129
Capsicum frutescens,Selling,Naturalized,185
Cardamine flexuosa,Not selling,Invasive,139
Carica papaya,Selling,Naturalized,115
Carthamus tinctorius,Not selling,Naturalized,166
Cascabela thevetia,Not selling,Naturalized,101
Cassia floribunda,Selling,Naturalized,88
Catharanthus roseus,Selling,Invasive,169
Celosia argentea,Selling,Invasive,154
Cenchrus caliculatus,Not selling,Invasive,50
Cenchrus clandestinus,Not selling,Invasive,12
Cenchrus echinatus,Not selling,Invasive,104
Cenchrus incertus,Not selling,Invasive,7
Cenchrus purpureus,Not selling,Invasive,113
Centaurea diffusa,Not selling,Introduced,58
Centipeda minima,Not selling,Naturalized,222
Centrosema pubescens,Not selling,Invasive,97
Cerastium fontanum,Not selling,Naturalized,114
Cerastium glomeratum,Not selling,Invasive,135
Cestrum nocturnum,Selling,Introduced,124
Chamaecrista mimosoides,Not selling,Introduced,92
Chenopodium album,Not selling,Naturalized,166
Chenopodium giganteum,Not selling,Introduced,111
Chenopodium hybridum,Not selling,Invasive,117
Chloris barbata,Not selling,Introduced,114
Chloris gayana,Not selling,Invasive,104
Chloris virgata,Selling,Naturalized,154
Chromolaena odorata,Not selling,Invasive,86
Chrysanthemum segetum,Not selling,Invasive,166
Chrysopogon zizanioides,Not selling,Introduced,25
Cichorium intybus,Selling,Introduced,166
Cinchona calisaya,Not selling,Naturalized,90
Cinchona officinalis,Not selling,Naturalized,94
Cinchona pubescens,Not selling,Naturalized,94
Citrus aurantiifolia,Not selling,Naturalized,100
Clarkia pulchella,Selling,Introduced,84
Cleome rutidosperma,Not selling,Invasive,64
Cleoserrata speciosa,Not selling,Naturalized,104
Clidemia hirta,Not selling,Introduced,23
Clitoria ternatea,Selling,Introduced,129
Codiaeum variegatum,Selling,Naturalized,100
Conium maculatum,Not selling,Invasive,120
Conyza sumatrensis,Not selling,Invasive,100
Corchorus olitorius,Not selling,Invasive,169
Cordyline fruticosa,Selling,Naturalized,103
Coreopsis basalis,Not selling,Invasive,72
Coreopsis grandiflora,Selling,Introduced,71
Coreopsis lanceolata,Selling,Invasive,113
Coreopsis tinctoria,Selling,Invasive,121
Coriandrum sativum,Selling,Naturalized,169
Cosmos bipinnatus,Selling,Invasive,120
Cosmos sulphureus,Not selling,Invasive,100
Cota tinctoria,Not selling,Naturalized,91
Crassocephalum crepidioides,Selling,Invasive,98
Crassocephalum rubens,Not selling,Invasive,12
Crepis tectorum,Not selling,Invasive,97
Crotalaria incana,Selling,Introduced,70
Crotalaria juncea,Not selling,Introduced,89
Crotalaria lanceolata,Not selling,Introduced,86
Crotalaria micans,Not selling,Introduced,92
Crotalaria ochroleuca,Not selling,Introduced,70
Crotalaria trichotoma,Not selling,Introduced,88
Croton hirtus,Not selling,Invasive,7
Cucumis melo,Selling,Naturalized,123
Cuphea carthagenensis,Not selling,Invasive,55
Curcuma longa,Selling,Naturalized,113
Cuscuta approximata,Not selling,Invasive,166
Cuscuta campestris,Not selling,Invasive,31
Cyanthillium cinereum,Not selling,Naturalized,271
Cyanus segetum,Selling,Introduced,105
Cyclospermum leptophyllum,Not selling,Invasive,103
Cymbalaria muralis,Not selling,Introduced,71
Cymbopogon nardus,Not selling,Introduced,112
Cynodon plectostachyus,Not selling,Naturalized,52
Cyperus esculentus,Not selling,Invasive,68
Cyperus prolifer,Not selling,Naturalized,20
Cyperus rotundus,Selling,Invasive,178
Cyperus surinamensis,Not selling,Introduced,13
Dactylis glomerata,Selling,Naturalized,174
Dahlia pinnata,Selling,Naturalized,116
Dalbergia sissoo,Not selling,Naturalized,116
Datura inoxia,Not selling,Introduced,97
Datura metel,Selling,Invasive,192
Datura stramonium,Selling,Invasive,163
Daucus carota,Not selling,Invasive,166
Derris elliptica,Not selling,Invasive,88
Desmanthus virgatus,Selling,Invasive,59
Desmodium intortum,Not selling,Naturalized,42
Desmodium scorpiurus,Not selling,Naturalized,97
Desmodium tortuosum,Not selling,Introduced,92
Deutzia crenata,Selling,Naturalized,100
Dianthus sylvestris,Not selling,Naturalized,69
Dichanthium annulatum,Not selling,Naturalized,153
Dieffenbachia seguine,Not selling,Naturalized,69
Digitalis purpurea,Selling,Naturalized,100
Digitaria ciliaris,Not selling,Naturalized,112
Dinebra retroflexa,Not selling,Introduced,43
Diodia virginiana,Not selling,Introduced,6
Diplotaxis muralis,Not selling,Introduced,115
Dolichandra unguis-cati,Not selling,Invasive,96
Duranta erecta,Not selling,Naturalized,112
Dysphania ambrosioides,Not selling,Invasive,98
Dysphania pumilio,Not selling,Invasive,29
Echinochloa crus-galli,Not selling,Naturalized,184
Echinocystis lobata,Not selling,Introduced,6
Eclipta prostrata,Selling,Naturalized,169
Ehrharta erecta,Not selling,Introduced,24
Eichhornia crassipes,Selling,Invasive,114
Elaeis guineensis,Not selling,Naturalized,68
Elatine americana,Not selling,Naturalized,69
Elephantopus tomentosus,Not selling,Invasive,94
Eleusine coracana,Not selling,Naturalized,136
Eleutherine bulbosa,Not selling,Naturalized,86
Emilia fosbergii,Not selling,Naturalized,26
Emilia sonchifolia,Selling,Naturalized,138
Epiphyllum oxypetalum,Selling,Naturalized,93
Eragrostis ciliaris,Not selling,Naturalized,110
Eragrostis curvula,Not selling,Invasive,69
Erechtites hieracifolia,Not selling,Naturalized,89
Erechtites hieraciifolius,Not selling,Introduced,84
Erechtites valerianifolia,Not selling,Naturalized,98
Erechtites valerianifolius,Not selling,Invasive,100
Erigeron annuus,Selling,Invasive,121
Erigeron bellioides,Not selling,Naturalized,112
Erigeron bonariensis,Not selling,Invasive,169
Erigeron canadensis,Not selling,Invasive,144
Erigeron karvinskianus,Not selling,Naturalized,73
Erigeron philadelphicus,Not selling,Invasive,38
Erigeron speciosus,Not selling,Introduced,35
Erigeron strigosus,Not selling,Invasive,55
Erigeron sumatrensis,Not selling,Invasive,112
Erodium moschatum,Not selling,Naturalized,23
Eryngium foetidum,Selling,Introduced,110
Erysimum repandum,Not selling,Invasive,93
Erythrina bidwillii,Not selling,Naturalized,105
Eschscholzia californica,Selling,Naturalized,92
Etlingera elatior,Not selling,Naturalized,94
Eucalyptus exserta,Selling,Invasive,100
Eucalyptus globulus,Selling,Invasive,94
Eucalyptus robusta,Selling,Invasive,107
Eupatorium adenophorum,Not selling,Naturalized,60
Eupatorium cannabinum,Not selling,Invasive,99
Euphorbia antiquorum,Not selling,Invasive,105
Euphorbia cyathophora,Not selling,Invasive,94
Euphorbia dentata,Not selling,Invasive,38
Euphorbia heterophylla,Not selling,Invasive,115
Euphorbia hirta,Selling,Invasive,282
Euphorbia hypericifolia,Not selling,Invasive,137
Euphorbia hyssopifolia,Not selling,Invasive,133
Euphorbia lathyris,Selling,Naturalized,136
Euphorbia maculata,Selling,Invasive,108
Euphorbia marginata,Selling,Introduced,115
Euphorbia milii,Selling,Naturalized,115
Euphorbia neriifolia,Selling,Naturalized,115
Euphorbia nutans,Not selling,Introduced,16
Euphorbia peplus,Not selling,Invasive,97
Euphorbia prostrata,Not selling,Invasive,101
Euphorbia pulcherrima,Selling,Invasive,102
Euphorbia serpens,Not selling,Invasive,97
Euphorbia tirucalli,Selling,Invasive,282
Euphorbia tithymaloides,Not selling,Naturalized,94
Eutrema japonicum,Not selling,Naturalized,25
Evolvulus nummularius,Not selling,Invasive,21
Fallopia scandens,Not selling,Introduced,92
Festuca arundinacea,Selling,Invasive,84
Festuca rubra,Selling,Invasive,125
Flaveria bidentis,Not selling,Invasive,32
Foeniculum vulgare,Selling,Naturalized,166
Gaillardia aristata,Selling,Invasive,107
Gaillardia pulchella,Selling,Invasive,114
Galinsoga parviflora,Selling,Invasive,108
Galinsoga quadriradiata,Not selling,Invasive,103
Galium aparine,Not selling,Introduced,137
Gaura biennis,Not selling,Naturalized,120
Gaura lindheimeri,Not selling,Naturalized,112
Gaura mollis,Not selling,Invasive,92
Geranium carolinianum,Selling,Invasive,104
Geranium molle,Not selling,Naturalized,103
Glebionis coronaria,Not selling,Invasive,166
Gliricidia sepium,Not selling,Introduced,34
Glyceria maxima,Not selling,Introduced,108
Gnaphalium pensylvanicum,Selling,Naturalized,101
Gnaphalium polycaulon,Not selling,Naturalized,115
Gnaphalium purpureum,Not selling,Naturalized,169
Gomphrena celosioides,Not selling,Introduced,122
Gomphrena globosa,Selling,Naturalized,120
Grindelia squarrosa,Not selling,Introduced,86
Gymnocoronis spilanthoides,Not selling,Introduced,19
Helenium autumnale,Not selling,Introduced,113
Helenium bigelovii,Not selling,Invasive,59
Helianthus annuus,Not selling,Naturalized,122
Helianthus laetiflorus,Not selling,Naturalized,55
Helianthus tuberosus,Selling,Naturalized,127
Heliotropium ellipticum,Not selling,Invasive,66
Heliotropium europaeum,Selling,Invasive,145
Heliotropium indicum,Not selling,Naturalized,192
Herissantia crispa,Not selling,Invasive,90
Hesperis matronalis,Selling,Naturalized,92
Hibiscus trionum,Not selling,Invasive,145
Hippeastrum striatum,Not selling,Naturalized,12
Hippeastrum vittatum,Selling,Invasive,100
Hippobroma longiflora,Not selling,Invasive,93
Holcus lanatus,Selling,Introduced,120
Homalocladium platycladum,Not selling,Naturalized,102
Hordeum bulbosum,Not selling,Naturalized,98
Hordeum jubatum,Selling,Invasive,96
Hydrocotyle verticillata,Not selling,Invasive,14
Hydrocotyle vulgaris,Not selling,Naturalized,43
Hypochaeris radicata,Not selling,Naturalized,103
Hyptis brevipes,Not selling,Invasive,93
Hyptis capitata,Not selling,Invasive,101
Hyptis suaveolens,Selling,Invasive,104
Impatiens balsamina,Selling,Invasive,105
Impatiens walleriana,Selling,Introduced,62
Indigofera suffruticosa,Selling,Introduced,112
Ipomoea alba,Not selling,Introduced,89
Ipomoea batatas,Selling,Naturalized,137
Ipomoea cairica,Selling,Invasive,191
Ipomoea carnea,Not selling,Invasive,87
Ipomoea cordatotriloba,Not selling,Introduced,12
Ipomoea eriocarpa,Not selling,Naturalized,93
Ipomoea hederifolia,Not selling,Introduced,80
Ipomoea indica,Selling,Introduced,169
Ipomoea lacunosa,Not selling,Invasive,39
Ipomoea mauritiana,Not selling,Invasive,90
Ipomoea nil,Selling,Invasive,123
Ipomoea purpurea,Selling,Invasive,102
Ipomoea quamoclit,Not selling,Invasive,105
Ipomoea rubriflora,Not selling,Introduced,74
Ipomoea trifida,Not selling,Naturalized,39
Ipomoea triloba,Selling,Invasive,101
Ipomoea turbinata,Not selling,Naturalized,46
Iresine herbstii,Selling,Naturalized,101
Jacquemontia tamnifolia,Not selling,Invasive,41
Jasminum sambac,Selling,Naturalized,115
Jatropha curcas,Selling,Introduced,222
Justicia adhatoda,Not selling,Introduced,169
Justicia gendarussa,Not selling,Invasive,170
Kalanchoe tubiflora,Not selling,Naturalized,21
Kickxia elatine,Not selling,Introduced,169
Kyllinga polyphylla,Not selling,Naturalized,12
Lablab purpureus,Selling,Naturalized,169
Lactuca sativa,Selling,Naturalized,166
Lactuca serriola,Selling,Invasive,187
Lagascea mollis,Not selling,Naturalized,57
Lantana camara,Selling,Invasive,169
Lantana montevidensis,Not selling,Introduced,100
Lepidium bonariense,Not selling,Invasive,13
Lepidium campestre,Not selling,Invasive,97
Lepidium densiflorum,Not selling,Introduced,98
Lepidium didymum,Not selling,Invasive,115
Lepidium virginicum,Selling,Invasive,112
Leucaena leucocephala,Selling,Invasive,169
Leucanthemum vulgare,Not selling,Invasive,112
Lilium hansonii,Not selling,Naturalized,73
Limnocharis flava,Selling,Invasive,19
Lindernia dubia,Not selling,Naturalized,17
Lindernia rotundifolia,Not selling,Introduced,15
Linum striatum,Not selling,Naturalized,108
Linum usitatissimum,Selling,Naturalized,170
Lobularia maritima,Selling,Naturalized,105
Lolium multiflorum,Not selling,Introduced,107
Lolium perenne,Selling,Introduced,123
Lolium persicum,Not selling,Invasive,91
Lolium remotum,Not selling,Introduced,46
Lolium rigidum,Not selling,Naturalized,121
Lolium temulentum,Not selling,Invasive,74
Lonicera sempervirens,Not selling,Naturalized,87
Lotus corniculatus,Selling,Naturalized,166
Ludwigia hyssopifolia,Selling,Naturalized,95
Ludwigia leptocarpa,Not selling,Introduced,11
Macroptilium atropurpureum,Not selling,Introduced,54
Macroptilium lathyroides,Selling,Introduced,109
Macrotyloma uniflorum,Not selling,Naturalized,89
Malachra capitata,Not selling,Naturalized,24
Malvastrum americanum,Not selling,Introduced,67
Malvastrum coromandelianum,Selling,Invasive,135
Mangifera indica,Selling,Naturalized,282
Manihot esculenta,Selling,Naturalized,102
Martynia annua,Not selling,Introduced,58
Matricaria matricarioides,Not selling,Naturalized,69
Mecardonia procumbens,Not selling,Invasive,18
Medicago minima,Not selling,Introduced,112
Medicago polymorpha,Not selling,Invasive,121
Medicago sativa,Selling,Invasive,166
Melilotus officinalis,Selling,Invasive,167
Melinis minutiflora,Selling,Introduced,92
Melinis repens,Not selling,Invasive,82
Melothria pendula,Not selling,Introduced,8
Mentha spicata,Selling,Naturalized,106
Merremia tuberosa,Not selling,Introduced,58
Mikania micrantha,Not selling,Invasive,90
Mimosa bimucronata,Not selling,Invasive,102
Mimosa diplotricha,Not selling,Introduced,31
Mimosa invisa,Not selling,Invasive,97
Mimosa pigra,Not selling,Introduced,24
Mimosa pudica,Selling,Invasive,115
Mirabilis jalapa,Selling,Invasive,131
Mitracarpus hirtus,Not selling,Invasive,43
Mollugo verticillata,Not selling,Naturalized,86
Momordica charantia,Selling,Naturalized,117
Morinda lucida,Not selling,Naturalized,21
Moringa oleifera,Selling,Naturalized,95
Muntingia calabura,Not selling,Naturalized,88
Mussaenda erythrophylla,Not selling,Naturalized,103
Myosotis arvensis,Not selling,Naturalized,10
Myriophyllum aquaticum,Not selling,Invasive,26
Nasturtium officinale,Selling,Invasive,114
Neptunia plena,Not selling,Introduced,59
Nicandra physalodes,Selling,Invasive,93
Nicotiana alata,Not selling,Naturalized,91
Nicotiana plumbaginifolia,Not selling,Naturalized,86
Nopalea cochenillifera,Selling,Naturalized,104
Nothoscordum gracile,Not selling,Introduced,11
Nymphaea alba,Selling,Naturalized,108
Ochrosia elliptica,Not selling,Invasive,92
Ocimum basilicum,Selling,Invasive,117
Oenothera �erythrosepala,Not selling,Naturalized,81
Oenothera biennis,Selling,Introduced,123
Oenothera curtiflora,Not selling,Invasive,92
Oenothera drummondii,Selling,Invasive,92
Oenothera glazioviana,Selling,Invasive,112
Oenothera laciniata,Not selling,Introduced,99
Oenothera oakesiana,Not selling,Introduced,8
Oenothera odorata,Not selling,Naturalized,121
Oenothera parviflora,Not selling,Introduced,71
Oenothera rosea,Selling,Invasive,86
Oenothera speciosa,Not selling,Introduced,45
Oenothera stricta,Selling,Introduced,105
Oenothera tetraptera,Not selling,Introduced,87
Oenothera villosa,Not selling,Introduced,63
Opuntia cochenillifera,Not selling,Introduced,38
Opuntia dillenii,Not selling,Invasive,104
Opuntia ficus-indica,Selling,Invasive,82
Opuntia monacantha,Not selling,Invasive,110
Opuntia stricta,Not selling,Introduced,112
Orobanche brassicae,Not selling,Invasive,45
Oxalis bowiei,Selling,Introduced,42
Oxalis corniculata,Selling,Invasive,271
Oxalis debilis,Not selling,Invasive,169
Oxalis latifolia,Not selling,Invasive,99
Oxalis pes-caprae,Selling,Naturalized,65
Oxalis triangularis,Not selling,Invasive,13
Oxybaphus nyctagineus,Not selling,Introduced,12
Pachyrhizus erosus,Selling,Naturalized,115
Panicum acuminatum,Not selling,Introduced,87
Panicum dichotomiflorum,Not selling,Invasive,114
Panicum maximum,Not selling,Invasive,101
Papaver nudicaule,Not selling,Naturalized,161
Parapholis incurva,Not selling,Invasive,68
Parthenium argentatum,Not selling,Introduced,69
Parthenium hysterophorus,Selling,Invasive,96
Parthenocissus quinquefolia,Selling,Introduced,122
Paspalidium flavidum,Not selling,Naturalized,86
Paspalum conjugatum,Not selling,Invasive,105
Paspalum dilatatum,Not selling,Invasive,103
Paspalum distichum,Not selling,Invasive,101
Paspalum fimbriatum,Not selling,Introduced,51
Paspalum notatum,Selling,Introduced,110
Paspalum urvillei,Not selling,Introduced,31
Paspalum virgatum,Not selling,Introduced,107
Passiflora caerulea,Not selling,Invasive,111
Passiflora edulis,Selling,Invasive,100
Passiflora foetida,Selling,Invasive,169
Passiflora morifolia,Not selling,Introduced,18
Passiflora quadrangularis,Selling,Invasive,71
Passiflora suberosa,Not selling,Invasive,96
Pennisetum clandestinum,Not selling,Introduced,12
Pennisetum glaucum,Not selling,Naturalized,92
Pennisetum polystachion,Not selling,Invasive,61
Pennisetum purpureum,Selling,Introduced,113
Peperomia pellucida,Not selling,Invasive,106
Pereskia aculeata,Selling,Introduced,65
Petiveria alliacea,Not selling,Invasive,87
Petunia hybrida,Not selling,Naturalized,109
Phalaris canariensis,Not selling,Naturalized,123
Phalaris minor,Not selling,Introduced,97
Phalaris paradoxa,Not selling,Introduced,64
Phaseolus coccineus,Selling,Naturalized,116
Phaseolus vulgaris,Selling,Naturalized,152
Phleum pratense,Selling,Introduced,114
Phyllanthus amarus,Not selling,Introduced,94
Phyllanthus debilis,Not selling,Introduced,121
Phyllanthus niruri,Not selling,Introduced,108
Phyllanthus tenellus,Not selling,Introduced,20
Physalis angulata,Not selling,Invasive,146
Physalis ixocarpa,Not selling,Introduced,65
Physalis lagascae,Not selling,Invasive,179
Physalis peruviana,Selling,Introduced,97
Physalis philadelphica,Not selling,Invasive,112
Physalis pubescens,Selling,Introduced,147
Phytolacca americana,Selling,Invasive,166
Pilea microphylla,Selling,Invasive,105
Piper betle,Selling,Naturalized,98
Pistia stratiotes,Selling,Invasive,109
Pithecellobium dulce,Not selling,Naturalized,100
Pittosporum tobira,Selling,Naturalized,206
Plantago aristata,Not selling,Introduced,123
Plantago lanceolata,Selling,Naturalized,123
Plantago virginica,Not selling,Invasive,88
Pleioblastus gramineus,Selling,Naturalized,105
Pluchea sagittalis,Not selling,Invasive,15
Plumeria rubra,Selling,Naturalized,105
Poa annua,Selling,Naturalized,166
Poa compressa,Not selling,Naturalized,119
Poa pratensis,Selling,Naturalized,120
Poa trivialis,Selling,Naturalized,71
Polygala paniculata,Not selling,Naturalized,91
Polygonum aviculare,Selling,Introduced,191
Portulaca grandiflora,Selling,Naturalized,105
Portulaca oleracea,Selling,Naturalized,169
Portulaca pilosa,Selling,Invasive,112
Potamogeton vaseyi,Not selling,Naturalized,41
Praxelis clematidea,Not selling,Invasive,31
Prunella grandiflora,Selling,Naturalized,62
Pseudelephantopus spicatus,Not selling,Invasive,97
Psidium guajava,Selling,Introduced,169
Punica granatum,Selling,Naturalized,131
Pyrostegia venusta,Selling,Naturalized,101
Ranunculus arvensis,Not selling,Invasive,94
Ranunculus muricatus,Selling,Invasive,96
Ranunculus sardous,Not selling,Introduced,12
Raphanus raphanistrum,Selling,Introduced,63
Rauvolfia tetraphylla,Not selling,Naturalized,62
Reseda lutea,Not selling,Invasive,98
Rhus typhina,Not selling,Introduced,97
Rhynchospora submarginata,Not selling,Naturalized,86
Ribes nigrum,Selling,Naturalized,94
Ribes uva-crispa,Not selling,Naturalized,176
Richardia brasiliensis,Not selling,Invasive,64
Richardia scabra,Not selling,Invasive,54
Ricinus communis,Selling,Invasive,145
Rivina humilis,Not selling,Introduced,123
Robinia pseudoacacia,Selling,Invasive,108
Rorippa amphibia,Not selling,Invasive,7
Rosmarinus officinalis,Selling,Naturalized,12
Rotala ramosior,Not selling,Naturalized,86
Rudbeckia hirta,Selling,Invasive,121
Rudbeckia laciniata,Selling,Invasive,106
Ruellia simplex,Not selling,Naturalized,28
Ruellia tuberosa,Not selling,Invasive,92
Sagittaria graminea,Not selling,Introduced,64
Salicornia bigelovii,Not selling,Introduced,21
Salix fragilis,Not selling,Naturalized,166
Salvia coccinea,Selling,Introduced,105
Salvia sclarea,Not selling,Introduced,85
Salvia tiliifolia,Not selling,Invasive,42
Salvinia adnata,Not selling,Invasive,16
Sansevieria trifasciata,Selling,Introduced,104
Sanvitalia procumbens,Selling,Naturalized,101
Saponaria officinalis,Selling,Naturalized,110
Saussurea costus,Selling,Naturalized,67
Sclerocarpus africanus,Not selling,Naturalized,46
Scoparia dulcis,Selling,Invasive,169
Secale cereale,Selling,Invasive,112
Sechium edule,Selling,Naturalized,89
Securigera varia,Not selling,Invasive,98
Sedum mexicanum,Not selling,Naturalized,19
Senna alata,Not selling,Introduced,86
Senna bicapsularis,Not selling,Invasive,70
Senna corymbosa,Not selling,Invasive,40
Senna didymobotrya,Not selling,Invasive,57
Senna fruticosa,Not selling,Invasive,79
Senna hirsuta,Not selling,Introduced,64
Senna obtusifolia,Not selling,Invasive,105
Senna occidentalis,Not selling,Invasive,169
Senna siamea,Not selling,Naturalized,86
Senna sophera,Not selling,Invasive,94
Senna surattensis,Not selling,Naturalized,169
Senna tora,Not selling,Naturalized,90
Sesbania cannabina,Selling,Invasive,112
Sesbania grandiflora,Not selling,Introduced,97
Sesbania herbacea,Not selling,Invasive,112
Sesbania sesban,Not selling,Introduced,104
Setaria parviflora,Not selling,Introduced,169
Setaria sphacelata,Not selling,Introduced,112
Sherardia arvensis,Not selling,Introduced,94
Sicyos angulatus,Not selling,Introduced,35
Sida acuta,Selling,Invasive,118
Sida spinosa,Not selling,Naturalized,271
Silene armeria,Selling,Naturalized,105
Silene gallica,Selling,Introduced,115
Silene vulgaris,Not selling,Invasive,166
Silphium perfoliatum,Not selling,Invasive,76
Silybum marianum,Selling,Introduced,83
Sinapis alba,Selling,Naturalized,65
Sinapis arvensis,Not selling,Naturalized,57
Sisymbrium altissimum,Not selling,Naturalized,120
Sisymbrium irio,Not selling,Naturalized,114
Sisymbrium officinale,Not selling,Naturalized,96
Sisymbrium orientale,Not selling,Naturalized,25
Sisyrinchium atlanticum,Not selling,Naturalized,35
Sisyrinchium micranthum,Not selling,Naturalized,7
Smallanthus uvedalia,Not selling,Invasive,41
Solanum aculeatissimum,Not selling,Invasive,133
Solanum americanum,Not selling,Invasive,192
Solanum betaceum,Not selling,Naturalized,67
Solanum capsicoides,Not selling,Invasive,145
Solanum carolinense,Not selling,Introduced,65
Solanum chrysotrichum,Not selling,Invasive,139
Solanum diphyllum,Not selling,Introduced,256
Solanum donianum,Not selling,Naturalized,108
Solanum elaeagnifolium,Not selling,Invasive,5
Solanum erianthum,Not selling,Invasive,165
Solanum lycopersicum,Selling,Naturalized,167
Solanum pseudocapsicum,Selling,Introduced,123
Solanum rostratum,Not selling,Invasive,42
Solanum sarrachoides,Not selling,Introduced,43
Solanum scabrum,Not selling,Introduced,106
Solanum seaforthianum,Not selling,Naturalized,87
Solanum sisymbriifolium,Not selling,Introduced,121
Solanum torvum,Selling,Invasive,128
Solanum viarum,Not selling,Introduced,118
Solanum wrightii,Not selling,Naturalized,169
Solidago altissima,Not selling,Naturalized,89
Solidago canadensis,Selling,Invasive,108
Soliva anthemifolia,Not selling,Invasive,96
Sonchus arvensis,Selling,Invasive,143
Sonchus asper,Selling,Introduced,111
Sonchus oleraceus,Selling,Invasive,166
Sonneratia apetala,Not selling,Introduced,27
Sorghum �drummondii,Not selling,Introduced,69
Sorghum halepense,Not selling,Invasive,111
Spartina alterniflora,Not selling,Invasive,90
Spartina anglica,Selling,Invasive,43
Spergula arvensis,Not selling,Naturalized,65
Spermacoce alata,Not selling,Invasive,62
Spermacoce remota,Not selling,Invasive,41
Sphagneticola trilobata,Not selling,Invasive,31
Spilanthes acmella,Not selling,Naturalized,86
Stachys arvensis,Not selling,Introduced,50
Stachytarpheta jamaicensis,Selling,Invasive,40
Stachytarpheta urticifolia,Not selling,Invasive,169
Stellaria media,Selling,Invasive,148
Stellaria pallida,Not selling,Invasive,73
Stemodia verticillata,Not selling,Invasive,2
Stylosanthes guianensis,Not selling,Introduced,36
Symphytum officinale,Selling,Introduced,42
Synedrella nodiflora,Selling,Invasive,114
Syzygium jambos,Not selling,Naturalized,169
Tagetes erecta,Not selling,Introduced,166
Talinum fruticosum,Not selling,Introduced,104
Talinum paniculatum,Selling,Invasive,98
Tamarindus indica,Selling,Invasive,282
Tanacetum parthenifolium,Not selling,Invasive,89
Tanacetum vulgare,Selling,Introduced,146
Tephrosia candida,Selling,Introduced,94
Tetragonia tetragonioides,Not selling,Invasive,48
Thunbergia alata,Selling,Introduced,169
Tinantia erecta,Not selling,Invasive,8
Tithonia diversifolia,Selling,Invasive,101
Tithonia rotundifolia,Not selling,Invasive,96
Torenia fournieri,Selling,Invasive,54
Tradescantia fluminensis,Not selling,Invasive,19
Tradescantia pallida,Not selling,Invasive,17
Tradescantia zebrina,Not selling,Invasive,90
Tribulus cistoides,Selling,Naturalized,90
Tridax procumbens,Not selling,Invasive,94
Trifolium dubium,Not selling,Naturalized,62
Trifolium fragiferum,Selling,Naturalized,91
Trifolium hybridum,Not selling,Introduced,96
Trifolium incarnatum,Selling,Introduced,12
Trifolium pratense,Selling,Invasive,109
Trifolium repens,Selling,Invasive,166
Trigonella foenum-graecum,Selling,Naturalized,108
Triodanis perfoliata,Not selling,Introduced,16
Tropaeolum majus,Selling,Naturalized,121
Ulex europaeus,Not selling,Invasive,160
Ulmus laevis,Selling,Naturalized,63
Vaccaria hispanica,Not selling,Invasive,166
Verbena bonariensis,Not selling,Introduced,26
Veronica arvensis,Not selling,Invasive,73
Veronica hederifolia,Not selling,Invasive,37
Veronica peregrina,Selling,Invasive,119
Veronica persica,Selling,Invasive,116
Veronica polita,Not selling,Invasive,137
Vicia sativa,Selling,Introduced,137
Vicia villosa,Selling,Invasive,93
Voacanga africana,Not selling,Invasive,50
Vulpia myuros,Selling,Naturalized,89
Waltheria indica,Selling,Invasive,179
Xanthium spinosum,Not selling,Invasive,5
Xanthium strumarium,Not selling,Invasive,169
Zephyranthes candida,Selling,Invasive,93
Zephyranthes carinata,Selling,Invasive,26
Zephyranthes minuta,Not selling,Invasive,95
Zinnia elegans,Selling,Invasive,119
Zinnia peruviana,Selling,Invasive,98
