Species,Sale Availability,invasion_status,Nat.range
Abutilon theophrasti,Selling,Invasive,7
Acacia dealbata,Selling,Invasive,1
Acacia decurrens,Not Selling,Invasive,1
Acacia farnesiana,Selling,Invasive,4
Acacia longifolia,Not Selling,Invasive,1
Acacia mangium,Selling,Introduced,1
Acacia mearnsii,Not Selling,Invasive,1
Acacia senegal,Not Selling,Invasive,8
Acanthospermum australe,Not Selling,Naturalized,5
Acanthospermum hispidum,Not Selling,Invasive,7
Acer negundo,Selling,Introduced,9
Achillea millefolium,Selling,Introduced,22
Acmella ciliata,Selling,Naturalized,5
Acmella oleracea,Not Selling,Invasive,1
Acmella radicans,Not Selling,Invasive,5
Acmella uliginosa,Not Selling,Naturalized,13
Aeonium spathulatum,Selling,Naturalized,1
Aeschynomene americana,Not Selling,Invasive,8
Agave americana,Selling,Invasive,2
Agave fourcroydes,Not Selling,Naturalized,1
Agave sisalana,Not Selling,Introduced,1
Agave vivipara,Not Selling,Naturalized,1
Ageratina adenophora,Not Selling,Invasive,1
Ageratina riparia,Not Selling,Naturalized,1
Ageratum conyzoides,Selling,Invasive,6
Ageratum houstonianum,Selling,Invasive,1
Agrostemma githago,Selling,Invasive,11
Agrostis avenacea,Not Selling,Naturalized,3
Albizia lebbeck,Selling,Invasive,2
Alliaria petiolata,Not Selling,Invasive,11
Alopecurus myosuroides,Not Selling,Naturalized,10
Alternanthera bettzickiana,Selling,Naturalized,2
Alternanthera paronychioides,Not Selling,Introduced,7
Alternanthera philoxeroides,Selling,Invasive,3
Alternanthera pungens,Selling,Invasive,3
Alternanthera reineckii,Selling,Naturalized,3
Alyssum alyssoides,Not Selling,Invasive,8
Amaranthus albus,Selling,Invasive,9
Amaranthus blitoides,Not Selling,Introduced,9
Amaranthus blitum,Not Selling,Invasive,13
Amaranthus capensis,Not Selling,Introduced,1
Amaranthus caudatus,Selling,Invasive,2
Amaranthus cruentus,Selling,Invasive,2
Amaranthus dubius,Not Selling,Introduced,6
Amaranthus hybridus,Selling,Invasive,14
Amaranthus hypochondriacus,Selling,Introduced,3
Amaranthus palmeri,Not Selling,Invasive,4
Amaranthus polygonoides,Not Selling,Invasive,5
Amaranthus powellii,Not Selling,Invasive,6
Amaranthus retroflexus,Selling,Invasive,8
Amaranthus spinosus,Not Selling,Invasive,7
Amaranthus standleyanus,Not Selling,Introduced,1
Amaranthus tenuifolius,Not Selling,Introduced,1
Amaranthus tortuosus,Not Selling,Invasive,5
Amaranthus tricolor,Selling,Introduced,5
Amaranthus tuberculatus,Not Selling,Invasive,5
Amaranthus viridis,Selling,Invasive,5
Amberboa moschata,Not Selling,Naturalized,2
Ambrosia artemisiifolia,Not Selling,Invasive,11
Ambrosia polystachya,Not Selling,Invasive,1
Ambrosia psilostachya,Not Selling,Invasive,9
Ambrosia trifida,Not Selling,Invasive,8
Ammannia coccinea,Not Selling,Invasive,8
Ammi majus,Selling,Invasive,9
Amorpha fruticosa,Selling,Naturalized,8
Anagallis arvensis,Selling,Naturalized,13
Andrographis paniculata,Selling,Naturalized,1
Annona glabra,Not Selling,Naturalized,8
Anredera cordifolia,Selling,Invasive,3
Anredera vesicaria,Not Selling,Invasive,7
Anthemis arvensis,Not Selling,Introduced,9
Anthriscus caucalis,Not Selling,Introduced,7
Antigonon leptopus,Not Selling,Introduced,3
Arachis duranensis,Not Selling,Naturalized,2
Arachis hypogaea,Selling,Naturalized,1
Argemone mexicana,Not Selling,Invasive,6
Argyreia nervosa,Not Selling,Naturalized,1
Armoracia rusticana,Selling,Naturalized,1
Arrhenatherum elatius,Selling,Invasive,11
Artemisia annua,Selling,Naturalized,5
Asclepias curassavica,Selling,Introduced,6
Asparagus densiflorus,Selling,Invasive,1
Asparagus setaceus,Selling,Naturalized,4
Aster subulatus,Not Selling,Invasive,12
Atriplex canescens,Not Selling,Invasive,6
Atriplex hortensis,Not Selling,Naturalized,4
Atriplex nummularia,Not Selling,Invasive,1
Atropa bella-donna,Not Selling,Invasive,8
Avena fatua,Selling,Invasive,14
Avena sterilis,Not Selling,Invasive,12
Axonopus compressus,Not Selling,Introduced,9
Axonopus fissifolius,Not Selling,Invasive,9
Azolla filiculoides,Not Selling,Invasive,10
Bacopa caroliniana,Not Selling,Naturalized,2
Barleria noctiflora,Not Selling,Naturalized,1
Basella alba,Selling,Invasive,4
Begonia cucullata,Not Selling,Invasive,2
Bellis annua,Not Selling,Naturalized,5
Berberis thunbergii,Selling,Naturalized,1
Bidens bipinnata,Selling,Invasive,6
Bidens frondosa,Not Selling,Invasive,9
Bidens pilosa,Selling,Invasive,8
Bixa orellana,Not Selling,Naturalized,5
Boerhavia erecta,Not Selling,Naturalized,17
Borago officinalis,Not Selling,Invasive,6
Bougainvillea glabra,Not Selling,Naturalized,1
Bougainvillea spectabilis,Not Selling,Naturalized,1
Brachiaria brizantha,Not Selling,Invasive,6
Brachiaria eruciformis,Not Selling,Invasive,12
Brachiaria mutica,Not Selling,Invasive,7
Brachiaria plantaginea,Not Selling,Naturalized,9
Brassica juncea,Selling,Naturalized,1
Brassica tournefortii,Not Selling,Naturalized,8
Bromus arvensis,Not Selling,Introduced,6
Bromus catharticus,Not Selling,Invasive,4
Bromus pubescens,Not Selling,Naturalized,7
Bromus rigidus,Not Selling,Naturalized,6
Brugmansia suaveolens,Not Selling,Invasive,2
Bryophyllum daigremontianum,Not Selling,Introduced,1
Bryophyllum delagoense,Not Selling,Introduced,1
Bryophyllum pinnatum,Selling,Invasive,1
Buchloe dactyloides,Selling,Introduced,7
Bunias orientalis,Not Selling,Invasive,6
Buphthalmum salicifolium,Not Selling,Naturalized,4
Cabomba caroliniana,Not Selling,Invasive,7
Cabomba furcata,Not Selling,Naturalized,5
Caesalpinia pulcherrima,Selling,Naturalized,2
Cajanus cajan,Selling,Invasive,1
Caladium bicolor,Selling,Naturalized,3
Callisia repens,Not Selling,Invasive,6
Callitriche peploides,Not Selling,Naturalized,5
Calopogonium mucunoides,Not Selling,Invasive,5
Calotropis procera,Not Selling,Invasive,10
Calyptocarpus vialis,Not Selling,Invasive,4
Cameraria latifolia,Not Selling,Invasive,3
Canavalia ensiformis,Not Selling,Naturalized,1
Canna indica,Selling,Naturalized,7
Cannabis sativa,Not Selling,Invasive,4
Capsella bursa-pastoris,Selling,Naturalized,12
Capsicum annuum,Selling,Naturalized,7
Capsicum frutescens,Selling,Naturalized,4
Carapichea ipecacuanha,Not Selling,Naturalized,3
Cardamine flexuosa,Not Selling,Invasive,7
Carica papaya,Selling,Naturalized,2
Carthamus tinctorius,Not Selling,Naturalized,1
Cascabela thevetia,Not Selling,Naturalized,7
Cassia floribunda,Selling,Naturalized,1
Catharanthus roseus,Selling,Invasive,1
Celosia argentea,Selling,Invasive,5
Cenchrus caliculatus,Not Selling,Invasive,5
Cenchrus clandestinus,Not Selling,Invasive,4
Cenchrus echinatus,Not Selling,Invasive,8
Cenchrus incertus,Not Selling,Invasive,12
Cenchrus purpureus,Not Selling,Invasive,5
Cenchrus spinifex,Not Selling,Invasive,12
Centaurea diffusa,Not Selling,Introduced,4
Centipeda minima,Not Selling,Naturalized,9
Centrosema pubescens,Not Selling,Invasive,3
Cerastium fontanum,Not Selling,Naturalized,9
Cerastium glomeratum,Not Selling,Invasive,11
Cereus repandus,Not Selling,Naturalized,2
Cestrum nocturnum,Selling,Introduced,3
Chamaecrista mimosoides,Not Selling,Introduced,12
Chenopodium album,Not Selling,Naturalized,9
Chenopodium giganteum,Not Selling,Introduced,3
Chenopodium hybridum,Not Selling,Invasive,12
Chloris barbata,Not Selling,Introduced,14
Chloris gayana,Not Selling,Invasive,7
Chloris virgata,Selling,Naturalized,28
Chromolaena odorata,Not Selling,Invasive,9
Chrysanthemum segetum,Not Selling,Invasive,4
Chrysopogon zizanioides,Not Selling,Introduced,2
Cichorium intybus,Selling,Introduced,11
Cinchona calisaya,Not Selling,Naturalized,1
Cinchona officinalis,Not Selling,Naturalized,1
Cinchona pubescens,Not Selling,Naturalized,3
Clarkia pulchella,Selling,Introduced,3
Cleome rutidosperma,Not Selling,Invasive,5
Cleoserrata speciosa,Not Selling,Naturalized,4
Clidemia hirta,Not Selling,Introduced,4
Clitoria falcata,Not Selling,Naturalized,7
Clitoria ternatea,Selling,Introduced,10
Codiaeum variegatum,Selling,Naturalized,4
Conium maculatum,Not Selling,Invasive,12
Conyza sumatrensis,Not Selling,Invasive,3
Corchorus olitorius,Not Selling,Invasive,1
Cordyline fruticosa,Selling,Naturalized,8
Coreopsis basalis,Not Selling,Invasive,2
Coreopsis grandiflora,Selling,Introduced,5
Coreopsis lanceolata,Selling,Invasive,5
Coreopsis tinctoria,Selling,Invasive,9
Coriandrum sativum,Selling,Naturalized,4
Cosmos bipinnatus,Selling,Invasive,2
Cosmos sulphureus,Not Selling,Invasive,1
Cota tinctoria,Not Selling,Naturalized,9
Crassocephalum crepidioides,Selling,Invasive,8
Crassocephalum rubens,Not Selling,Invasive,7
Crepis tectorum,Not Selling,Invasive,10
Crotalaria incana,Selling,Introduced,14
Crotalaria juncea,Not Selling,Introduced,1
Crotalaria lanceolata,Not Selling,Introduced,5
Crotalaria micans,Not Selling,Introduced,7
Crotalaria ochroleuca,Not Selling,Introduced,6
Crotalaria trichotoma,Not Selling,Introduced,2
Croton bonplandianus,Not Selling,Naturalized,3
Croton hirtus,Not Selling,Invasive,7
Cucumis melo,Selling,Naturalized,17
Cuphea carthagenensis,Not Selling,Invasive,7
Curcuma longa,Selling,Naturalized,1
Cuscuta approximata,Not Selling,Invasive,9
Cuscuta campestris,Not Selling,Invasive,10
Cuscuta epilinum,Not Selling,Invasive,2
Cyanthillium cinereum,Not Selling,Naturalized,12
Cyanus segetum,Selling,Introduced,7
Cyclospermum leptophyllum,Not Selling,Invasive,10
Cymbalaria muralis,Not Selling,Introduced,2
Cymbopogon nardus,Not Selling,Introduced,5
Cynodon plectostachyus,Not Selling,Naturalized,2
Cynosurus cristatus,Not Selling,Naturalized,8
Cyperus prolifer,Not Selling,Naturalized,5
Cyperus rotundus,Selling,Invasive,22
Cyperus surinamensis,Not Selling,Introduced,10
Dactylis glomerata,Selling,Naturalized,13
Dahlia pinnata,Selling,Naturalized,1
Dalbergia sissoo,Not Selling,Naturalized,4
Datura inoxia,Not Selling,Introduced,7
Datura metel,Selling,Invasive,4
Datura stramonium,Selling,Invasive,1
Daucus carota,Not Selling,Invasive,11
Derris elliptica,Not Selling,Invasive,3
Deschampsia atropurpurea,Not Selling,Naturalized,12
Desmanthus pernambucanus,Not Selling,Introduced,4
Desmanthus virgatus,Selling,Invasive,8
Desmodium intortum,Not Selling,Naturalized,5
Desmodium scorpiurus,Not Selling,Naturalized,5
Desmodium tortuosum,Not Selling,Introduced,9
Deutzia crenata,Selling,Naturalized,1
Dianthus sylvestris,Not Selling,Naturalized,4
Dichanthium annulatum,Not Selling,Naturalized,12
Dieffenbachia seguine,Not Selling,Naturalized,6
Digitalis purpurea,Selling,Naturalized,5
Digitaria ciliaris,Not Selling,Naturalized,22
Dinebra retroflexa,Not Selling,Introduced,9
Diodella teres,Not Selling,Invasive,13
Diodia virginiana,Not Selling,Introduced,6
Diplotaxis muralis,Not Selling,Introduced,7
Dolichandra unguis-cati,Not Selling,Invasive,7
Duranta erecta,Not Selling,Naturalized,7
Dysphania ambrosioides,Not Selling,Invasive,10
Dysphania pumilio,Not Selling,Invasive,1
Echinochloa crus-galli,Not Selling,Naturalized,1
Echinocystis lobata,Not Selling,Introduced,8
Eclipta prostrata,Selling,Naturalized,13
Egeria densa,Not Selling,Introduced,2
Ehrharta erecta,Not Selling,Introduced,6
Eichhornia crassipes,Selling,Invasive,2
Elaeis guineensis,Not Selling,Naturalized,4
Elatine americana,Not Selling,Naturalized,4
Elephantopus tomentosus,Not Selling,Invasive,3
Eleusine coracana,Not Selling,Naturalized,7
Eleutheranthera ruderalis,Not Selling,Introduced,5
Eleutherine bulbosa,Not Selling,Naturalized,4
Emilia fosbergii,Not Selling,Naturalized,12
Emilia sonchifolia,Selling,Naturalized,6
Epiphyllum oxypetalum,Selling,Naturalized,2
Eragrostis ciliaris,Not Selling,Naturalized,15
Eragrostis curvula,Not Selling,Invasive,3
Erechtites hieraciifolius,Not Selling,Introduced,12
Erechtites valerianifolius,Not Selling,Invasive,7
Erica muscari,Not Selling,Naturalized,1
Erigeron annuus,Selling,Invasive,5
Erigeron bellioides,Not Selling,Naturalized,3
Erigeron bonariensis,Not Selling,Invasive,4
Erigeron canadensis,Not Selling,Invasive,10
Erigeron karvinskianus,Not Selling,Naturalized,5
Erigeron philadelphicus,Not Selling,Invasive,9
Erigeron speciosus,Not Selling,Introduced,6
Erigeron strigosus,Not Selling,Invasive,6
Erigeron sumatrensis,Not Selling,Invasive,3
Eriocaulon melanocephalum,Not Selling,Naturalized,4
Erodium moschatum,Not Selling,Naturalized,7
Eryngium foetidum,Selling,Introduced,5
Erysimum repandum,Not Selling,Invasive,9
Eschscholzia californica,Selling,Naturalized,4
Etlingera elatior,Not Selling,Naturalized,2
Eucalyptus exserta,Selling,Invasive,1
Eucalyptus globulus,Selling,Invasive,1
Eucalyptus robusta,Selling,Invasive,1
Eupatorium adenophorum,Not Selling,Naturalized,1
Eupatorium cannabinum,Not Selling,Invasive,9
Euphorbia antiquorum,Not Selling,Invasive,3
Euphorbia chamaeclada,Not Selling,Introduced,1
Euphorbia cyathophora,Not Selling,Invasive,10
Euphorbia dentata,Not Selling,Invasive,5
Euphorbia graminea,Not Selling,Naturalized,5
Euphorbia heterophylla,Not Selling,Invasive,10
Euphorbia hirta,Selling,Invasive,10
Euphorbia hypericifolia,Not Selling,Invasive,9
Euphorbia hyssopifolia,Not Selling,Invasive,10
Euphorbia lathyris,Selling,Naturalized,3
Euphorbia maculata,Selling,Invasive,5
Euphorbia marginata,Selling,Introduced,4
Euphorbia milii,Selling,Naturalized,1
Euphorbia neriifolia,Selling,Naturalized,5
Euphorbia nutans,Not Selling,Introduced,7
Euphorbia peplus,Not Selling,Invasive,14
Euphorbia prostrata,Not Selling,Invasive,10
Euphorbia pulcherrima,Selling,Invasive,2
Euphorbia serpens,Not Selling,Invasive,13
Euphorbia tirucalli,Selling,Invasive,5
Euphorbia tithymaloides,Not Selling,Naturalized,6
Eutrema japonicum,Not Selling,Naturalized,2
Evolvulus nummularius,Not Selling,Invasive,7
Fallopia scandens,Not Selling,Introduced,15
Festuca arundinacea,Selling,Invasive,7
Festuca rubra,Selling,Invasive,11
Flaveria bidentis,Not Selling,Invasive,3
Foeniculum vulgare,Selling,Naturalized,8
Furcraea foetida,Not Selling,Naturalized,2
Gaillardia aristata,Selling,Invasive,5
Gaillardia pulchella,Selling,Invasive,4
Galinsoga parviflora,Selling,Invasive,8
Galinsoga quadriradiata,Not Selling,Invasive,1
Galium aparine,Not Selling,Introduced,1
Gaura biennis,Not Selling,Naturalized,4
Gaura lindheimeri,Not Selling,Naturalized,2
Gaura mollis,Not Selling,Invasive,8
Geranium carolinianum,Selling,Invasive,10
Geranium molle,Not Selling,Naturalized,10
Glebionis coronaria,Not Selling,Invasive,5
Gliricidia sepium,Not Selling,Introduced,2
Glyceria maxima,Not Selling,Introduced,8
Gnaphalium calviceps,Not Selling,Naturalized,7
Gnaphalium coarctatum,Not Selling,Naturalized,2
Gnaphalium pensylvanicum,Selling,Naturalized,4
Gnaphalium polycaulon,Not Selling,Naturalized,1
Gnaphalium purpureum,Not Selling,Naturalized,12
Gomphrena celosioides,Not Selling,Introduced,3
Gomphrena globosa,Selling,Naturalized,5
Grindelia squarrosa,Not Selling,Introduced,7
Gymnocoronis spilanthoides,Not Selling,Introduced,3
Helenium autumnale,Not Selling,Introduced,10
Helenium bigelovii,Not Selling,Invasive,2
Helianthus annuus,Not Selling,Naturalized,8
Helianthus laetiflorus,Not Selling,Naturalized,6
Helianthus petiolaris,Not Selling,Naturalized,6
Helianthus tuberosus,Selling,Naturalized,7
Heliotropium ellipticum,Not Selling,Invasive,6
Heliotropium europaeum,Selling,Invasive,7
Heliotropium indicum,Not Selling,Naturalized,3
Herissantia crispa,Not Selling,Invasive,10
Hesperis matronalis,Selling,Naturalized,8
Hibiscus trionum,Not Selling,Invasive,15
Hippeastrum striatum,Not Selling,Naturalized,2
Hippeastrum vittatum,Selling,Invasive,2
Hippobroma longiflora,Not Selling,Invasive,1
Holcus lanatus,Selling,Introduced,9
Homalocladium platycladum,Not Selling,Naturalized,1
Hordeum bulbosum,Not Selling,Naturalized,7
Hordeum jubatum,Selling,Invasive,14
Hydrocotyle verticillata,Not Selling,Invasive,18
Hydrocotyle vulgaris,Not Selling,Naturalized,8
Hypochaeris radicata,Not Selling,Naturalized,9
Hyptis brevipes,Not Selling,Invasive,7
Hyptis capitata,Not Selling,Invasive,5
Hyptis pectinata,Not Selling,Introduced,5
Hyptis suaveolens,Selling,Invasive,7
Impatiens balsamina,Selling,Invasive,2
Impatiens walleriana,Selling,Introduced,2
Indigofera suffruticosa,Selling,Introduced,9
Ipomoea alba,Not Selling,Introduced,8
Ipomoea batatas,Selling,Naturalized,1
Ipomoea cairica,Selling,Invasive,15
Ipomoea carnea,Not Selling,Invasive,7
Ipomoea cordatotriloba,Not Selling,Introduced,4
Ipomoea eriocarpa,Not Selling,Naturalized,16
Ipomoea hederifolia,Not Selling,Introduced,9
Ipomoea indica,Selling,Introduced,5
Ipomoea lacunosa,Not Selling,Invasive,1
Ipomoea mauritiana,Not Selling,Invasive,18
Ipomoea nil,Selling,Invasive,7
Ipomoea purpurea,Selling,Invasive,7
Ipomoea quamoclit,Not Selling,Invasive,3
Ipomoea rubriflora,Not Selling,Introduced,2
Ipomoea trifida,Not Selling,Naturalized,5
Ipomoea triloba,Selling,Invasive,4
Ipomoea turbinata,Not Selling,Naturalized,1
Ipomoea wrightii,Not Selling,Introduced,8
Iresine herbstii,Selling,Naturalized,1
Iva xanthiifolia,Not Selling,Invasive,4
Jacquemontia tamnifolia,Not Selling,Invasive,7
Jasminum sambac,Selling,Naturalized,1
Jatropha curcas,Selling,Introduced,5
Junellia tridactylites,Not Selling,Naturalized,2
Justicia adhatoda,Not Selling,Introduced,2
Justicia comata,Not Selling,Naturalized,7
Justicia gendarussa,Not Selling,Invasive,1
Kalanchoe tubiflora,Not Selling,Naturalized,1
Kickxia elatine,Not Selling,Introduced,11
Kyllinga polyphylla,Not Selling,Naturalized,7
Lablab purpureus,Selling,Naturalized,7
Lactuca sativa,Selling,Naturalized,1
Lactuca serriola,Selling,Invasive,15
Lagascea mollis,Not Selling,Naturalized,7
Lamium purpureum,Not Selling,Naturalized,8
Lantana camara,Selling,Invasive,5
Lantana montevidensis,Not Selling,Introduced,3
Lepidium bonariense,Not Selling,Invasive,2
Lepidium campestre,Not Selling,Invasive,7
Lepidium densiflorum,Not Selling,Introduced,10
Lepidium didymum,Not Selling,Invasive,4
Lepidium virginicum,Selling,Invasive,11
Leucaena leucocephala,Selling,Invasive,2
Leucanthemum vulgare,Not Selling,Invasive,6
Lilium hansonii,Not Selling,Naturalized,1
Limnocharis flava,Selling,Invasive,7
Lindernia dubia,Not Selling,Naturalized,15
Lindernia rotundifolia,Not Selling,Introduced,6
Linum striatum,Not Selling,Naturalized,4
Linum usitatissimum,Selling,Naturalized,2
Lobularia maritima,Selling,Naturalized,4
Lolium multiflorum,Not Selling,Introduced,9
Lolium perenne,Selling,Introduced,11
Lolium persicum,Not Selling,Invasive,4
Lolium remotum,Not Selling,Introduced,1
Lolium rigidum,Not Selling,Naturalized,10
Lolium temulentum,Not Selling,Invasive,1
Lonicera sempervirens,Not Selling,Naturalized,5
Lotus corniculatus,Selling,Naturalized,16
Ludwigia hyssopifolia,Selling,Naturalized,18
Ludwigia leptocarpa,Not Selling,Introduced,6
Macroptilium atropurpureum,Not Selling,Introduced,7
Macroptilium lathyroides,Selling,Introduced,6
Macrotyloma uniflorum,Not Selling,Naturalized,6
Malachra capitata,Not Selling,Naturalized,6
Malvastrum americanum,Not Selling,Introduced,9
Malvastrum coromandelianum,Selling,Invasive,8
Mangifera indica,Selling,Naturalized,2
Manihot esculenta,Selling,Naturalized,3
Martynia annua,Not Selling,Introduced,3
Matricaria matricarioides,Not Selling,Naturalized,10
Mecardonia procumbens,Not Selling,Invasive,9
Medicago minima,Not Selling,Introduced,12
Medicago polymorpha,Not Selling,Invasive,11
Medicago sativa,Selling,Invasive,15
Melilotus officinalis,Selling,Invasive,10
Melinis minutiflora,Selling,Introduced,8
Melinis repens,Not Selling,Invasive,11
Melothria pendula,Not Selling,Introduced,10
Mentha spicata,Selling,Naturalized,2
Miconia crinita,Not Selling,Invasive,1
Micranthemum umbrosum,Not Selling,Introduced,8
Mikania micrantha,Not Selling,Invasive,7
Mimosa bimucronata,Not Selling,Invasive,2
Mimosa diplotricha,Not Selling,Introduced,7
Mimosa invisa,Not Selling,Invasive,3
Mimosa pigra,Not Selling,Introduced,14
Mimosa pudica,Selling,Invasive,6
Mirabilis jalapa,Selling,Invasive,2
Mitracarpus hirtus,Not Selling,Invasive,7
Mollugo verticillata,Not Selling,Naturalized,14
Momordica charantia,Selling,Naturalized,12
Morinda lucida,Not Selling,Naturalized,5
Moringa oleifera,Selling,Naturalized,1
Muntingia calabura,Not Selling,Naturalized,4
Mussaenda erythrophylla,Not Selling,Naturalized,1
Myosotis arvensis,Not Selling,Naturalized,11
Myriophyllum aquaticum,Not Selling,Invasive,3
Nasturtium officinale,Selling,Invasive,11
Neonotonia wightii,Not Selling,Naturalized,9
Neptunia plena,Not Selling,Introduced,7
Nicandra physalodes,Selling,Invasive,1
Nicotiana alata,Not Selling,Naturalized,2
Nicotiana plumbaginifolia,Not Selling,Naturalized,5
Nopalea cochenillifera,Selling,Naturalized,1
Nothoscordum gracile,Not Selling,Introduced,5
Nymphaea alba,Selling,Naturalized,9
Nymphaea capensis,Not Selling,Naturalized,4
Ochrosia elliptica,Not Selling,Invasive,2
Ocimum basilicum,Selling,Invasive,7
Oenothera biennis,Selling,Introduced,6
Oenothera curtiflora,Not Selling,Invasive,4
Oenothera drummondii,Selling,Invasive,3
Oenothera laciniata,Not Selling,Introduced,5
Oenothera oakesiana,Not Selling,Introduced,5
Oenothera odorata,Not Selling,Naturalized,1
Oenothera parviflora,Not Selling,Introduced,5
Oenothera rosea,Selling,Invasive,4
Oenothera speciosa,Not Selling,Introduced,5
Oenothera stricta,Selling,Introduced,1
Oenothera tetraptera,Not Selling,Introduced,6
Oenothera villosa,Not Selling,Introduced,8
Opuntia cochenillifera,Not Selling,Introduced,1
Opuntia dillenii,Not Selling,Invasive,5
Opuntia ficus-indica,Selling,Invasive,1
Opuntia monacantha,Not Selling,Invasive,2
Opuntia stricta,Not Selling,Introduced,5
Orobanche brassicae,Not Selling,Invasive,7
Oxalis bowiei,Selling,Introduced,1
Oxalis corniculata,Selling,Invasive,5
Oxalis debilis,Not Selling,Invasive,5
Oxalis latifolia,Not Selling,Invasive,7
Oxalis pes-caprae,Selling,Naturalized,1
Oxalis triangularis,Not Selling,Invasive,3
Oxybaphus nyctagineus,Not Selling,Introduced,8
Pachyrhizus erosus,Selling,Naturalized,3
Panicum acuminatum,Not Selling,Introduced,13
Panicum dichotomiflorum,Not Selling,Invasive,10
Panicum maximum,Not Selling,Invasive,8
Papaver nudicaule,Not Selling,Naturalized,4
Parapholis incurva,Not Selling,Invasive,10
Parthenium argentatum,Not Selling,Introduced,2
Parthenium hysterophorus,Selling,Invasive,7
Parthenocissus quinquefolia,Selling,Introduced,7
Paspalidium flavidum,Not Selling,Naturalized,7
Paspalum conjugatum,Not Selling,Invasive,24
Paspalum dilatatum,Not Selling,Invasive,3
Paspalum distichum,Not Selling,Invasive,13
Paspalum fimbriatum,Not Selling,Introduced,6
Paspalum malacophyllum,Not Selling,Introduced,4
Paspalum notatum,Selling,Introduced,6
Paspalum paniculatum,Not Selling,Introduced,11
Paspalum plicatulum,Not Selling,Introduced,9
Paspalum urvillei,Not Selling,Introduced,3
Paspalum virgatum,Not Selling,Introduced,8
Passiflora caerulea,Not Selling,Invasive,2
Passiflora edulis,Selling,Invasive,2
Passiflora foetida,Selling,Invasive,9
Passiflora morifolia,Not Selling,Introduced,5
Passiflora quadrangularis,Selling,Invasive,1
Passiflora suberosa,Not Selling,Invasive,9
Pennisetum clandestinum,Not Selling,Introduced,4
Pennisetum glaucum,Not Selling,Naturalized,4
Pennisetum polystachion,Not Selling,Invasive,6
Pennisetum purpureum,Selling,Introduced,5
Peperomia pellucida,Not Selling,Invasive,15
Pereskia aculeata,Selling,Introduced,6
Persicaria pensylvanica,Not Selling,Naturalized,8
Petiveria alliacea,Not Selling,Invasive,9
Phalaris canariensis,Not Selling,Naturalized,3
Phalaris minor,Not Selling,Introduced,9
Phalaris paradoxa,Not Selling,Introduced,7
Phaseolus coccineus,Selling,Naturalized,2
Phaseolus vulgaris,Selling,Naturalized,5
Phleum pratense,Selling,Introduced,13
Phyllanthus amarus,Not Selling,Introduced,8
Phyllanthus debilis,Not Selling,Introduced,1
Phyllanthus niruri,Not Selling,Introduced,8
Phyllanthus tenellus,Not Selling,Introduced,5
Physalis angulata,Not Selling,Invasive,12
Physalis grisea,Not Selling,Introduced,2
Physalis ixocarpa,Not Selling,Introduced,2
Physalis lagascae,Not Selling,Invasive,3
Physalis peruviana,Selling,Introduced,2
Physalis philadelphica,Not Selling,Invasive,2
Physalis pubescens,Selling,Introduced,11
Phytolacca americana,Selling,Invasive,7
Pilea microphylla,Selling,Invasive,8
Piper betle,Selling,Naturalized,2
Pistia stratiotes,Selling,Invasive,25
Pithecellobium dulce,Not Selling,Naturalized,4
Pittosporum tobira,Selling,Naturalized,2
Plantago aristata,Not Selling,Introduced,3
Plantago indica,Not Selling,Naturalized,10
Plantago lanceolata,Selling,Naturalized,13
Plantago virginica,Not Selling,Invasive,6
Pleioblastus gramineus,Selling,Naturalized,1
Pluchea carolinensis,Not Selling,Invasive,5
Pluchea sagittalis,Not Selling,Invasive,3
Plumeria rubra,Selling,Naturalized,2
Poa annua,Selling,Naturalized,1
Poa compressa,Not Selling,Naturalized,8
Poa pratensis,Selling,Naturalized,23
Poa trivialis,Selling,Naturalized,12
Polygala paniculata,Not Selling,Naturalized,6
Polygonum aviculare,Selling,Introduced,28
Porophyllum ruderale,Not Selling,Invasive,8
Portulaca grandiflora,Selling,Naturalized,1
Portulaca oleracea,Selling,Naturalized,14
Portulaca pilosa,Selling,Invasive,10
Potamogeton vaseyi,Not Selling,Naturalized,3
Praxelis clematidea,Not Selling,Invasive,3
Prunella grandiflora,Selling,Naturalized,7
Pseudelephantopus spicatus,Not Selling,Invasive,5
Psidium guajava,Selling,Introduced,7
Punica granatum,Selling,Naturalized,4
Pupalia micrantha,Not Selling,Naturalized,7
Pyrostegia venusta,Selling,Naturalized,6
Ranunculus arvensis,Not Selling,Invasive,10
Ranunculus marginatus,Not Selling,Invasive,6
Ranunculus muricatus,Selling,Invasive,10
Ranunculus sardous,Not Selling,Introduced,7
Raphanus raphanistrum,Selling,Introduced,9
Rapistrum rugosum,Not Selling,Invasive,8
Rauvolfia tetraphylla,Not Selling,Naturalized,5
Reseda lutea,Not Selling,Invasive,10
Rhus typhina,Not Selling,Introduced,4
Rhynchospora submarginata,Not Selling,Naturalized,6
Ribes multiflorum,Not Selling,Naturalized,2
Ribes nigrum,Selling,Naturalized,9
Ribes uva-crispa,Not Selling,Naturalized,8
Richardia brasiliensis,Not Selling,Invasive,3
Richardia scabra,Not Selling,Invasive,7
Ricinus communis,Selling,Invasive,1
Rivina humilis,Not Selling,Introduced,11
Robinia pseudoacacia,Selling,Invasive,3
Rollinia mucosa,Not Selling,Naturalized,6
Rorippa amphibia,Not Selling,Invasive,10
Rorippa austriaca,Not Selling,Naturalized,6
Rosmarinus officinalis,Selling,Naturalized,5
Rotala ramosior,Not Selling,Naturalized,4
Rudbeckia hirta,Selling,Invasive,7
Rudbeckia laciniata,Selling,Invasive,8
Ruellia simplex,Not Selling,Naturalized,5
Ruellia tuberosa,Not Selling,Invasive,3
Sagittaria graminea,Not Selling,Introduced,6
Salicornia bigelovii,Not Selling,Introduced,7
Salix fragilis,Not Selling,Naturalized,18
Salvia coccinea,Selling,Introduced,7
Salvia occidentalis,Not Selling,Introduced,5
Salvia sclarea,Not Selling,Introduced,7
Salvia tiliifolia,Not Selling,Invasive,4
Salvinia adnata,Not Selling,Invasive,2
Sansevieria trifasciata,Selling,Introduced,2
Sanvitalia procumbens,Selling,Naturalized,2
Saponaria officinalis,Selling,Naturalized,7
Saussurea costus,Selling,Naturalized,1
Sclerocarpus africanus,Not Selling,Naturalized,8
Scoparia dulcis,Selling,Invasive,9
Secale cereale,Selling,Invasive,5
Sechium edule,Selling,Naturalized,1
Securigera varia,Not Selling,Invasive,8
Sedum mexicanum,Not Selling,Naturalized,1
Senecio inaequidens,Not Selling,Naturalized,1
Senecio radicans,Not Selling,Naturalized,1
Senna alata,Not Selling,Introduced,3
Senna bicapsularis,Not Selling,Invasive,4
Senna corymbosa,Not Selling,Invasive,2
Senna didymobotrya,Not Selling,Invasive,4
Senna fruticosa,Not Selling,Invasive,2
Senna hirsuta,Not Selling,Introduced,7
Senna obtusifolia,Not Selling,Invasive,11
Senna occidentalis,Not Selling,Invasive,6
Senna siamea,Not Selling,Naturalized,2
Senna sophera,Not Selling,Invasive,7
Senna surattensis,Not Selling,Naturalized,4
Senna tora,Not Selling,Naturalized,5
Sesbania cannabina,Selling,Invasive,6
Sesbania grandiflora,Not Selling,Introduced,2
Sesbania herbacea,Not Selling,Invasive,1
Sesbania sesban,Not Selling,Introduced,14
Setaria parviflora,Not Selling,Introduced,13
Setaria sphacelata,Not Selling,Introduced,7
Sherardia arvensis,Not Selling,Introduced,9
Sicyos angulatus,Not Selling,Introduced,5
Sida acuta,Selling,Invasive,12
Sida spinosa,Not Selling,Naturalized,17
Silene armeria,Selling,Naturalized,5
Silene gallica,Selling,Introduced,9
Silene vulgaris,Not Selling,Invasive,15
Silphium perfoliatum,Not Selling,Invasive,5
Silybum marianum,Selling,Introduced,8
Sinapis alba,Selling,Naturalized,8
Sinapis arvensis,Not Selling,Naturalized,13
Sisymbrium altissimum,Not Selling,Naturalized,8
Sisymbrium irio,Not Selling,Naturalized,10
Sisymbrium officinale,Not Selling,Naturalized,14
Sisymbrium orientale,Not Selling,Naturalized,9
Sisyrinchium atlanticum,Not Selling,Naturalized,4
Sisyrinchium micranthum,Not Selling,Naturalized,6
Sisyrinchium rosulatum,Not Selling,Naturalized,2
Smallanthus uvedalia,Not Selling,Invasive,4
Solanum aculeatissimum,Not Selling,Invasive,8
Solanum americanum,Not Selling,Invasive,10
Solanum betaceum,Not Selling,Naturalized,2
Solanum capsicoides,Not Selling,Invasive,2
Solanum carolinense,Not Selling,Introduced,6
Solanum chrysotrichum,Not Selling,Invasive,2
Solanum diphyllum,Not Selling,Introduced,2
Solanum donianum,Not Selling,Naturalized,4
Solanum elaeagnifolium,Not Selling,Invasive,7
Solanum erianthum,Not Selling,Invasive,6
Solanum lycopersicum,Selling,Naturalized,1
Solanum mauritianum,Not Selling,Introduced,2
Solanum pseudocapsicum,Selling,Introduced,6
Solanum rostratum,Not Selling,Invasive,5
Solanum sarrachoides,Not Selling,Introduced,3
Solanum scabrum,Not Selling,Introduced,7
Solanum seaforthianum,Not Selling,Naturalized,3
Solanum sisymbriifolium,Not Selling,Introduced,3
Solanum torvum,Selling,Invasive,6
Solanum triflorum,Not Selling,Introduced,8
Solanum viarum,Not Selling,Introduced,2
Solanum wrightii,Not Selling,Naturalized,1
Solidago altissima,Not Selling,Naturalized,8
Solidago canadensis,Selling,Invasive,5
Soliva anthemifolia,Not Selling,Invasive,2
Soliva sessilis,Not Selling,Invasive,2
Sonchus arvensis,Selling,Invasive,10
Sonchus asper,Selling,Introduced,18
Sonchus oleraceus,Selling,Invasive,14
Sonneratia apetala,Not Selling,Introduced,2
Sorghum �almum,Not Selling,Introduced,1
Sorghum �drummondii,Not Selling,Introduced,3
Sorghum halepense,Not Selling,Invasive,5
Spartina alterniflora,Not Selling,Invasive,8
Spartina anglica,Selling,Invasive,3
Spartina cynosuroides,Not Selling,Introduced,3
Spartina patens,Not Selling,Introduced,6
Spergula arvensis,Not Selling,Naturalized,10
Spermacoce alata,Not Selling,Invasive,3
Spermacoce ocymifolia,Not Selling,Naturalized,6
Spermacoce remota,Not Selling,Invasive,7
Sphagneticola trilobata,Not Selling,Invasive,5
Spilanthes acmella,Not Selling,Naturalized,4
Sporobolus pyramidatus,Not Selling,Introduced,11
Sporobolus tenuissimus,Not Selling,Naturalized,6
Stachys arvensis,Not Selling,Introduced,7
Stachytarpheta cayennensis,Not Selling,Introduced,7
Stachytarpheta jamaicensis,Selling,Invasive,7
Stachytarpheta urticifolia,Not Selling,Invasive,7
Stellaria media,Selling,Invasive,14
Stellaria pallida,Not Selling,Invasive,8
Stemodia verticillata,Not Selling,Invasive,7
Stylosanthes guianensis,Not Selling,Introduced,6
Symphytum officinale,Selling,Introduced,9
Synedrella nodiflora,Selling,Invasive,7
Syzygium jambos,Not Selling,Naturalized,4
Tacca leontopetaloides,Not Selling,Naturalized,12
Tagetes erecta,Not Selling,Introduced,3
Tagetes minuta,Not Selling,Invasive,3
Talinum fruticosum,Not Selling,Introduced,6
Talinum paniculatum,Selling,Invasive,10
Tamarindus indica,Selling,Invasive,8
Tanacetum parthenifolium,Not Selling,Invasive,4
Tanacetum vulgare,Selling,Introduced,12
Taraxacum campylodes,Not Selling,Invasive,1
Tarlmounia elliptica,Not Selling,Naturalized,2
Tephrosia candida,Selling,Introduced,1
Tephrosia noctiflora,Not Selling,Naturalized,6
Tephrosia vogelii,Not Selling,Naturalized,5
Thunbergia affinis,Not Selling,Naturalized,3
Thunbergia alata,Selling,Introduced,6
Tinantia erecta,Not Selling,Invasive,7
Tithonia diversifolia,Selling,Invasive,2
Tithonia rotundifolia,Not Selling,Invasive,2
Torenia fournieri,Selling,Invasive,1
Tradescantia fluminensis,Not Selling,Invasive,2
Tradescantia pallida,Not Selling,Invasive,1
Tradescantia zebrina,Not Selling,Invasive,1
Tribulus cistoides,Selling,Naturalized,7
Tridax procumbens,Not Selling,Invasive,6
Trifolium alexandrinum,Not Selling,Naturalized,4
Trifolium aureum,Not Selling,Naturalized,9
Trifolium campestre,Not Selling,Naturalized,12
Trifolium dubium,Not Selling,Naturalized,8
Trifolium eximium,Not Selling,Naturalized,3
Trifolium fragiferum,Selling,Naturalized,12
Trifolium hybridum,Not Selling,Introduced,7
Trifolium incarnatum,Selling,Introduced,5
Trifolium medium,Not Selling,Naturalized,9
Trifolium pratense,Selling,Invasive,11
Trifolium repens,Selling,Invasive,11
Trigonella foenum-graecum,Selling,Naturalized,3
Trigonella hamosa,Not Selling,Naturalized,5
Triodanis perfoliata,Not Selling,Introduced,9
Tripsacum dactyloides,Not Selling,Naturalized,9
Tropaeolum majus,Selling,Naturalized,1
Ulex europaeus,Not Selling,Invasive,4
Ulmus laevis,Selling,Naturalized,8
Vaccaria hispanica,Not Selling,Invasive,12
Vachellia nilotica,Not Selling,Introduced,8
Vallisneria americana,Not Selling,Naturalized,12
Verbena bonariensis,Not Selling,Introduced,3
Verbena bracteata,Not Selling,Introduced,9
Verbena brasiliensis,Not Selling,Introduced,3
Verbena stricta,Not Selling,Introduced,6
Veronica arvensis,Not Selling,Invasive,11
Veronica hederifolia,Not Selling,Invasive,10
Veronica peregrina,Selling,Invasive,15
Veronica persica,Selling,Invasive,14
Veronica polita,Not Selling,Invasive,12
Vicia sativa,Selling,Introduced,16
Vicia villosa,Selling,Invasive,9
Viola arvensis,Not Selling,Naturalized,9
Voacanga africana,Not Selling,Invasive,5
Vulpia myuros,Selling,Naturalized,13
Waltheria indica,Selling,Invasive,9
Xanthium spinosum,Not Selling,Invasive,1
Xanthium strumarium,Not Selling,Invasive,31
Xanthosoma sagittifolium,Not Selling,Invasive,3
Zea mexicana,Not Selling,Naturalized,1
Zephyranthes candida,Selling,Invasive,1
Zephyranthes carinata,Selling,Invasive,1
Zephyranthes minuta,Not Selling,Invasive,1
Zinnia elegans,Selling,Invasive,1
Zinnia peruviana,Selling,Invasive,6
