Species,Sale Availability,invasion_status,Natu.range
Abutilon theophrasti,Selling,Invasive,119
Acacia dealbata,Selling,Invasive,59
Acacia decurrens,Not Selling,Invasive,32
Acacia farnesiana,Selling,Invasive,120
Acacia longifolia,Not Selling,Invasive,41
Acacia mangium,Selling,Introduced,31
Acacia mearnsii,Not Selling,Invasive,52
Acacia senegal,Not Selling,Invasive,1
Acanthospermum australe,Not Selling,Naturalized,34
Acanthospermum hispidum,Not Selling,Invasive,111
Acer negundo,Selling,Introduced,105
Achillea millefolium,Selling,Introduced,82
Acmella ciliata,Selling,Naturalized,17
Acmella oleracea,Not Selling,Invasive,22
Acmella radicans,Not Selling,Invasive,31
Acmella uliginosa,Not Selling,Naturalized,7
Aeschynomene americana,Not Selling,Invasive,33
Agave americana,Selling,Invasive,100
Agave fourcroydes,Not Selling,Naturalized,3
Agave sisalana,Not Selling,Introduced,80
Agave vivipara,Not Selling,Naturalized,29
Ageratina adenophora,Not Selling,Invasive,59
Ageratina riparia,Not Selling,Naturalized,28
Ageratum conyzoides,Selling,Invasive,151
Ageratum houstonianum,Selling,Invasive,86
Agrostemma githago,Selling,Invasive,83
Agrostis avenacea,Not Selling,Naturalized,12
Albizia lebbeck,Selling,Invasive,90
Alliaria petiolata,Not Selling,Invasive,50
Alopecurus myosuroides,Not Selling,Naturalized,49
Alternanthera bettzickiana,Selling,Naturalized,32
Alternanthera paronychioides,Not Selling,Introduced,47
Alternanthera philoxeroides,Selling,Invasive,69
Alternanthera pungens,Selling,Invasive,118
Alternanthera reineckii,Selling,Naturalized,1
Alyssum alyssoides,Not Selling,Invasive,64
Amaranthus albus,Selling,Invasive,158
Amaranthus blitoides,Not Selling,Introduced,103
Amaranthus blitum,Not Selling,Invasive,94
Amaranthus caudatus,Selling,Invasive,104
Amaranthus cruentus,Selling,Invasive,102
Amaranthus dubius,Not Selling,Introduced,46
Amaranthus hybridus,Selling,Invasive,202
Amaranthus hypochondriacus,Selling,Introduced,49
Amaranthus palmeri,Not Selling,Invasive,52
Amaranthus polygonoides,Not Selling,Invasive,2
Amaranthus powellii,Not Selling,Invasive,104
Amaranthus retroflexus,Selling,Invasive,209
Amaranthus spinosus,Not Selling,Invasive,149
Amaranthus standleyanus,Not Selling,Introduced,4
Amaranthus tricolor,Selling,Introduced,22
Amaranthus tuberculatus,Not Selling,Invasive,27
Amaranthus viridis,Selling,Invasive,206
Amberboa moschata,Not Selling,Naturalized,7
Ambrosia artemisiifolia,Not Selling,Invasive,111
Ambrosia psilostachya,Not Selling,Invasive,72
Ambrosia trifida,Not Selling,Invasive,32
Ammannia coccinea,Not Selling,Invasive,12
Ammi majus,Selling,Invasive,105
Amorpha fruticosa,Selling,Naturalized,53
Anagallis arvensis,Selling,Naturalized,150
Andrographis paniculata,Selling,Naturalized,4
Annona glabra,Not Selling,Naturalized,13
Anredera cordifolia,Selling,Invasive,100
Anredera vesicaria,Not Selling,Invasive,5
Anthemis arvensis,Not Selling,Introduced,80
Anthriscus caucalis,Not Selling,Introduced,51
Antigonon leptopus,Not Selling,Introduced,130
Arachis hypogaea,Selling,Naturalized,67
Argemone mexicana,Not Selling,Invasive,160
Argyreia nervosa,Not Selling,Naturalized,18
Armoracia rusticana,Selling,Naturalized,118
Arrhenatherum elatius,Selling,Invasive,94
Artemisia annua,Selling,Naturalized,82
Asclepias curassavica,Selling,Introduced,140
Asparagus densiflorus,Selling,Invasive,20
Asparagus setaceus,Selling,Naturalized,84
Aster subulatus,Not Selling,Invasive,64
Atriplex canescens,Not Selling,Invasive,4
Atriplex hortensis,Not Selling,Naturalized,63
Atriplex nummularia,Not Selling,Invasive,15
Avena fatua,Selling,Invasive,204
Avena sterilis,Not Selling,Invasive,46
Axonopus compressus,Not Selling,Introduced,79
Axonopus fissifolius,Not Selling,Invasive,54
Azolla filiculoides,Not Selling,Invasive,65
Bacopa caroliniana,Not Selling,Naturalized,5
Basella alba,Selling,Invasive,35
Begonia cucullata,Not Selling,Invasive,10
Berberis thunbergii,Selling,Naturalized,59
Bidens bipinnata,Selling,Invasive,81
Bidens frondosa,Not Selling,Invasive,70
Bidens pilosa,Selling,Invasive,230
Bixa orellana,Not Selling,Naturalized,32
Boerhavia erecta,Not Selling,Naturalized,62
Borago officinalis,Not Selling,Invasive,121
Bougainvillea glabra,Not Selling,Naturalized,43
Bougainvillea spectabilis,Not Selling,Naturalized,25
Brachiaria brizantha,Not Selling,Invasive,52
Brachiaria eruciformis,Not Selling,Invasive,22
Brachiaria mutica,Not Selling,Invasive,141
Brachiaria plantaginea,Not Selling,Naturalized,62
Brassica juncea,Selling,Naturalized,183
Brassica tournefortii,Not Selling,Naturalized,73
Bromus arvensis,Not Selling,Introduced,66
Bromus catharticus,Not Selling,Invasive,182
Bromus rigidus,Not Selling,Naturalized,58
Brugmansia suaveolens,Not Selling,Invasive,70
Bryophyllum daigremontianum,Not Selling,Introduced,9
Bryophyllum delagoense,Not Selling,Introduced,75
Bryophyllum pinnatum,Selling,Invasive,172
Buchloe dactyloides,Selling,Introduced,7
Bunias orientalis,Not Selling,Invasive,79
Buphthalmum salicifolium,Not Selling,Naturalized,1
Cabomba caroliniana,Not Selling,Invasive,30
Cabomba furcata,Not Selling,Naturalized,1
Caesalpinia pulcherrima,Selling,Naturalized,79
Cajanus cajan,Selling,Invasive,56
Caladium bicolor,Selling,Naturalized,19
Callisia repens,Not Selling,Invasive,19
Calopogonium mucunoides,Not Selling,Invasive,35
Calotropis procera,Not Selling,Invasive,78
Calyptocarpus vialis,Not Selling,Invasive,41
Canavalia ensiformis,Not Selling,Naturalized,20
Canna indica,Selling,Naturalized,142
Cannabis sativa,Not Selling,Invasive,173
Capsella bursa-pastoris,Selling,Naturalized,268
Capsicum annuum,Selling,Naturalized,107
Cardamine flexuosa,Not Selling,Invasive,84
Carica papaya,Selling,Naturalized,155
Carthamus tinctorius,Not Selling,Naturalized,79
Cascabela thevetia,Not Selling,Naturalized,58
Cassia floribunda,Selling,Naturalized,2
Catharanthus roseus,Selling,Invasive,222
Celosia argentea,Selling,Invasive,112
Cenchrus clandestinus,Not Selling,Invasive,51
Cenchrus echinatus,Not Selling,Invasive,129
Cenchrus incertus,Not Selling,Invasive,33
Cenchrus purpureus,Not Selling,Invasive,47
Cenchrus spinifex,Not Selling,Invasive,18
Centaurea diffusa,Not Selling,Introduced,58
Centipeda minima,Not Selling,Naturalized,5
Centrosema pubescens,Not Selling,Invasive,36
Cerastium fontanum,Not Selling,Naturalized,108
Cerastium glomeratum,Not Selling,Invasive,169
Cereus repandus,Not Selling,Naturalized,2
Cestrum nocturnum,Selling,Introduced,51
Chamaecrista mimosoides,Not Selling,Introduced,5
Chenopodium album,Not Selling,Naturalized,283
Chenopodium giganteum,Not Selling,Introduced,29
Chenopodium hybridum,Not Selling,Invasive,10
Chloris barbata,Not Selling,Introduced,118
Chloris gayana,Not Selling,Invasive,162
Chloris virgata,Selling,Naturalized,133
Chromolaena odorata,Not Selling,Invasive,62
Chrysopogon zizanioides,Not Selling,Introduced,18
Cichorium intybus,Selling,Introduced,177
Cinchona calisaya,Not Selling,Naturalized,2
Cinchona officinalis,Not Selling,Naturalized,5
Cinchona pubescens,Not Selling,Naturalized,10
Citrus aurantiifolia,Not Selling,Naturalized,51
Clarkia pulchella,Selling,Introduced,5
Cleome rutidosperma,Not Selling,Invasive,43
Cleoserrata speciosa,Not Selling,Naturalized,20
Clidemia hirta,Not Selling,Introduced,36
Clitoria falcata,Not Selling,Naturalized,1
Clitoria ternatea,Selling,Introduced,97
Codiaeum variegatum,Selling,Naturalized,27
Conium maculatum,Not Selling,Invasive,176
Conyza sumatrensis,Not Selling,Invasive,49
Corchorus olitorius,Not Selling,Invasive,48
Cordyline fruticosa,Selling,Naturalized,58
Coreopsis basalis,Not Selling,Invasive,9
Coreopsis grandiflora,Selling,Introduced,55
Coreopsis lanceolata,Selling,Invasive,70
Coreopsis tinctoria,Selling,Invasive,58
Coriandrum sativum,Selling,Naturalized,143
Cosmos bipinnatus,Selling,Invasive,113
Cosmos sulphureus,Not Selling,Invasive,105
Cota tinctoria,Not Selling,Naturalized,59
Crassocephalum crepidioides,Selling,Invasive,80
Crassocephalum rubens,Not Selling,Invasive,2
Crepis tectorum,Not Selling,Invasive,51
Crotalaria incana,Selling,Introduced,43
Crotalaria juncea,Not Selling,Introduced,67
Crotalaria lanceolata,Not Selling,Introduced,40
Crotalaria micans,Not Selling,Introduced,21
Crotalaria ochroleuca,Not Selling,Introduced,11
Crotalaria trichotoma,Not Selling,Introduced,23
Croton bonplandianus,Not Selling,Naturalized,43
Croton hirtus,Not Selling,Invasive,9
Cucumis melo,Selling,Naturalized,89
Cuphea carthagenensis,Not Selling,Invasive,43
Curcuma longa,Selling,Naturalized,21
Cuscuta approximata,Not Selling,Invasive,16
Cuscuta campestris,Not Selling,Invasive,147
Cuscuta epilinum,Not Selling,Invasive,20
Cyanthillium cinereum,Not Selling,Naturalized,104
Cyanus segetum,Selling,Introduced,104
Cyclospermum leptophyllum,Not Selling,Invasive,132
Cymbalaria muralis,Not Selling,Introduced,167
Cymbopogon nardus,Not Selling,Introduced,5
Cynodon plectostachyus,Not Selling,Naturalized,22
Cynosurus cristatus,Not Selling,Naturalized,65
Cyperus esculentus,Not Selling,Invasive,113
Cyperus prolifer,Not Selling,Naturalized,10
Cyperus rotundus,Selling,Invasive,178
Cyperus surinamensis,Not Selling,Introduced,4
Dactylis glomerata,Selling,Naturalized,220
Dahlia pinnata,Selling,Naturalized,5
Dalbergia sissoo,Not Selling,Naturalized,22
Datura metel,Selling,Invasive,120
Datura stramonium,Selling,Invasive,293
Daucus carota,Not Selling,Invasive,138
Derris elliptica,Not Selling,Invasive,2
Desmanthus pernambucanus,Not Selling,Introduced,20
Desmanthus virgatus,Selling,Invasive,49
Desmodium intortum,Not Selling,Naturalized,14
Desmodium scorpiurus,Not Selling,Naturalized,11
Desmodium tortuosum,Not Selling,Introduced,63
Deutzia crenata,Selling,Naturalized,3
Dianthus sylvestris,Not Selling,Naturalized,2
Dichanthium annulatum,Not Selling,Naturalized,68
Dieffenbachia seguine,Not Selling,Naturalized,17
Digitalis purpurea,Selling,Naturalized,111
Digitaria ciliaris,Not Selling,Naturalized,193
Dinebra retroflexa,Not Selling,Introduced,14
Diodella teres,Not Selling,Invasive,7
Diodia virginiana,Not Selling,Introduced,2
Diplotaxis muralis,Not Selling,Introduced,137
Dolichandra unguis-cati,Not Selling,Invasive,60
Duranta erecta,Not Selling,Naturalized,46
Dysphania ambrosioides,Not Selling,Invasive,235
Dysphania pumilio,Not Selling,Invasive,75
Echinochloa crus-galli,Not Selling,Naturalized,239
Echinocystis lobata,Not Selling,Introduced,59
Eclipta prostrata,Selling,Naturalized,86
Egeria densa,Not Selling,Introduced,105
Ehrharta erecta,Not Selling,Introduced,34
Eichhornia crassipes,Selling,Invasive,193
Elaeis guineensis,Not Selling,Naturalized,25
Elephantopus tomentosus,Not Selling,Invasive,1
Eleusine coracana,Not Selling,Naturalized,19
Eleutheranthera ruderalis,Not Selling,Introduced,37
Eleutherine bulbosa,Not Selling,Naturalized,21
Emilia fosbergii,Not Selling,Naturalized,36
Emilia sonchifolia,Selling,Naturalized,73
Epiphyllum oxypetalum,Selling,Naturalized,5
Eragrostis ciliaris,Not Selling,Naturalized,113
Eragrostis curvula,Not Selling,Invasive,119
Erechtites hieracifolia,Not Selling,Naturalized,9
Erechtites hieraciifolius,Not Selling,Introduced,16
Erechtites valerianifolia,Not Selling,Naturalized,28
Erechtites valerianifolius,Not Selling,Invasive,13
Erigeron annuus,Selling,Invasive,86
Erigeron bellioides,Not Selling,Naturalized,7
Erigeron bonariensis,Not Selling,Invasive,210
Erigeron canadensis,Not Selling,Invasive,238
Erigeron karvinskianus,Not Selling,Naturalized,90
Erigeron philadelphicus,Not Selling,Invasive,8
Erigeron primulifolium,Not Selling,Invasive,15
Erigeron strigosus,Not Selling,Invasive,24
Erigeron sumatrensis,Not Selling,Invasive,39
Erodium moschatum,Not Selling,Naturalized,99
Eryngium foetidum,Selling,Introduced,11
Erysimum repandum,Not Selling,Invasive,57
Eschscholzia californica,Selling,Naturalized,86
Etlingera elatior,Not Selling,Naturalized,4
Eucalyptus exserta,Selling,Invasive,1
Eucalyptus globulus,Selling,Invasive,73
Eucalyptus robusta,Selling,Invasive,24
Eupatorium cannabinum,Not Selling,Invasive,13
Euphorbia cyathophora,Not Selling,Invasive,138
Euphorbia dentata,Not Selling,Invasive,17
Euphorbia graminea,Not Selling,Naturalized,7
Euphorbia heterophylla,Not Selling,Invasive,99
Euphorbia hirta,Selling,Invasive,167
Euphorbia hypericifolia,Not Selling,Invasive,34
Euphorbia hyssopifolia,Not Selling,Invasive,51
Euphorbia lathyris,Selling,Naturalized,85
Euphorbia maculata,Selling,Invasive,130
Euphorbia marginata,Selling,Introduced,52
Euphorbia milii,Selling,Naturalized,14
Euphorbia neriifolia,Selling,Naturalized,4
Euphorbia nutans,Not Selling,Introduced,29
Euphorbia peplus,Not Selling,Invasive,215
Euphorbia prostrata,Not Selling,Invasive,184
Euphorbia pulcherrima,Selling,Invasive,13
Euphorbia serpens,Not Selling,Invasive,58
Euphorbia tirucalli,Selling,Invasive,73
Euphorbia tithymaloides,Not Selling,Naturalized,58
Evolvulus nummularius,Not Selling,Invasive,42
Fallopia scandens,Not Selling,Introduced,1
Festuca arundinacea,Selling,Invasive,85
Festuca rubra,Selling,Invasive,98
Flaveria bidentis,Not Selling,Invasive,17
Foeniculum vulgare,Selling,Naturalized,188
Furcraea foetida,Not Selling,Naturalized,70
Gaillardia aristata,Selling,Invasive,22
Gaillardia pulchella,Selling,Invasive,52
Galinsoga parviflora,Selling,Invasive,257
Galinsoga quadriradiata,Not Selling,Invasive,177
Galium aparine,Not Selling,Introduced,106
Gaura biennis,Not Selling,Naturalized,1
Gaura lindheimeri,Not Selling,Naturalized,20
Gaura mollis,Not Selling,Invasive,3
Geranium carolinianum,Selling,Invasive,14
Geranium molle,Not Selling,Naturalized,97
Glebionis coronaria,Not Selling,Invasive,66
Gliricidia sepium,Not Selling,Introduced,27
Glyceria maxima,Not Selling,Introduced,33
Gnaphalium calviceps,Not Selling,Naturalized,36
Gnaphalium coarctatum,Not Selling,Naturalized,47
Gnaphalium pensylvanicum,Selling,Naturalized,106
Gnaphalium polycaulon,Not Selling,Naturalized,76
Gnaphalium purpureum,Not Selling,Naturalized,46
Gomphrena celosioides,Not Selling,Introduced,87
Gomphrena globosa,Selling,Naturalized,89
Grindelia squarrosa,Not Selling,Introduced,34
Gymnocoronis spilanthoides,Not Selling,Introduced,15
Helenium autumnale,Not Selling,Introduced,7
Helianthus annuus,Not Selling,Naturalized,107
Helianthus laetiflorus,Not Selling,Naturalized,43
Helianthus petiolaris,Not Selling,Naturalized,31
Helianthus tuberosus,Selling,Naturalized,135
Heliotropium ellipticum,Not Selling,Invasive,1
Heliotropium europaeum,Selling,Invasive,64
Heliotropium indicum,Not Selling,Naturalized,101
Herissantia crispa,Not Selling,Invasive,7
Hesperis matronalis,Selling,Naturalized,116
Hibiscus trionum,Not Selling,Invasive,121
Hippeastrum striatum,Not Selling,Naturalized,5
Hippeastrum vittatum,Selling,Invasive,4
Hippobroma longiflora,Not Selling,Invasive,43
Holcus lanatus,Selling,Introduced,186
Homalocladium platycladum,Not Selling,Naturalized,7
Hordeum bulbosum,Not Selling,Naturalized,8
Hordeum jubatum,Selling,Invasive,113
Hydrocotyle verticillata,Not Selling,Invasive,9
Hydrocotyle vulgaris,Not Selling,Naturalized,2
Hypochaeris radicata,Not Selling,Naturalized,188
Hyptis brevipes,Not Selling,Invasive,4
Hyptis capitata,Not Selling,Invasive,20
Hyptis pectinata,Not Selling,Introduced,50
Hyptis suaveolens,Selling,Invasive,67
Impatiens balsamina,Selling,Invasive,61
Impatiens walleriana,Selling,Introduced,96
Indigofera suffruticosa,Selling,Introduced,52
Ipomoea alba,Not Selling,Introduced,51
Ipomoea batatas,Selling,Naturalized,106
Ipomoea cairica,Selling,Invasive,101
Ipomoea carnea,Not Selling,Invasive,21
Ipomoea cordatotriloba,Not Selling,Introduced,5
Ipomoea eriocarpa,Not Selling,Naturalized,2
Ipomoea hederifolia,Not Selling,Introduced,42
Ipomoea indica,Selling,Introduced,72
Ipomoea lacunosa,Not Selling,Invasive,7
Ipomoea mauritiana,Not Selling,Invasive,9
Ipomoea nil,Selling,Invasive,112
Ipomoea purpurea,Selling,Invasive,155
Ipomoea quamoclit,Not Selling,Invasive,84
Ipomoea rubriflora,Not Selling,Introduced,35
Ipomoea trifida,Not Selling,Naturalized,2
Ipomoea triloba,Selling,Invasive,65
Ipomoea turbinata,Not Selling,Naturalized,8
Ipomoea wrightii,Not Selling,Introduced,26
Iresine herbstii,Selling,Naturalized,6
Iva xanthiifolia,Not Selling,Invasive,55
Jacquemontia tamnifolia,Not Selling,Invasive,18
Jasminum sambac,Selling,Naturalized,12
Jatropha curcas,Selling,Introduced,88
Justicia adhatoda,Not Selling,Introduced,1
Justicia comata,Not Selling,Naturalized,1
Justicia gendarussa,Not Selling,Invasive,4
Kalanchoe tubiflora,Not Selling,Naturalized,15
Kickxia elatine,Not Selling,Introduced,76
Kyllinga polyphylla,Not Selling,Naturalized,7
Lablab purpureus,Selling,Naturalized,90
Lactuca sativa,Selling,Naturalized,68
Lactuca serriola,Selling,Invasive,205
Lagascea mollis,Not Selling,Naturalized,19
Lamium purpureum,Not Selling,Naturalized,87
Lantana camara,Selling,Invasive,194
Lantana montevidensis,Not Selling,Introduced,32
Lepidium bonariense,Not Selling,Invasive,75
Lepidium campestre,Not Selling,Invasive,83
Lepidium densiflorum,Not Selling,Introduced,103
Lepidium didymum,Not Selling,Invasive,219
Lepidium virginicum,Selling,Invasive,141
Leucaena leucocephala,Selling,Invasive,205
Leucanthemum vulgare,Not Selling,Invasive,181
Limnocharis flava,Selling,Invasive,10
Lindernia dubia,Not Selling,Naturalized,16
Linum striatum,Not Selling,Naturalized,1
Linum usitatissimum,Selling,Naturalized,148
Lobularia maritima,Selling,Naturalized,157
Lolium multiflorum,Not Selling,Introduced,187
Lolium perenne,Selling,Introduced,249
Lolium persicum,Not Selling,Invasive,15
Lolium remotum,Not Selling,Introduced,9
Lolium rigidum,Not Selling,Naturalized,96
Lolium temulentum,Not Selling,Invasive,148
Lonicera sempervirens,Not Selling,Naturalized,14
Lotus corniculatus,Selling,Naturalized,115
Ludwigia hyssopifolia,Selling,Naturalized,24
Ludwigia leptocarpa,Not Selling,Introduced,4
Macroptilium atropurpureum,Not Selling,Introduced,102
Macroptilium lathyroides,Selling,Introduced,66
Macrotyloma uniflorum,Not Selling,Naturalized,5
Malachra capitata,Not Selling,Naturalized,37
Malvastrum americanum,Not Selling,Introduced,41
Malvastrum coromandelianum,Selling,Invasive,128
Mangifera indica,Selling,Naturalized,144
Manihot esculenta,Selling,Naturalized,57
Martynia annua,Not Selling,Introduced,47
Matricaria matricarioides,Not Selling,Naturalized,57
Mecardonia procumbens,Not Selling,Invasive,48
Medicago minima,Not Selling,Introduced,93
Medicago polymorpha,Not Selling,Invasive,234
Medicago sativa,Selling,Invasive,282
Melilotus officinalis,Selling,Invasive,118
Melinis minutiflora,Selling,Introduced,108
Melinis repens,Not Selling,Invasive,173
Melothria pendula,Not Selling,Introduced,5
Mentha spicata,Selling,Naturalized,166
Merremia tuberosa,Not Selling,Introduced,35
Mikania micrantha,Not Selling,Invasive,37
Mimosa bimucronata,Not Selling,Invasive,1
Mimosa diplotricha,Not Selling,Introduced,11
Mimosa invisa,Not Selling,Invasive,12
Mimosa pigra,Not Selling,Introduced,43
Mimosa pudica,Selling,Invasive,95
Mirabilis jalapa,Selling,Invasive,214
Mitracarpus hirtus,Not Selling,Invasive,40
Mollugo verticillata,Not Selling,Naturalized,91
Momordica charantia,Selling,Naturalized,140
Moringa oleifera,Selling,Naturalized,65
Muntingia calabura,Not Selling,Naturalized,49
Myosotis arvensis,Not Selling,Naturalized,72
Myriophyllum aquaticum,Not Selling,Invasive,105
Nasturtium officinale,Selling,Invasive,198
Neonotonia wightii,Not Selling,Naturalized,35
Neptunia plena,Not Selling,Introduced,26
Nicandra physalodes,Selling,Invasive,188
Nicotiana alata,Not Selling,Naturalized,15
Nicotiana plumbaginifolia,Not Selling,Naturalized,41
Nopalea cochenillifera,Selling,Naturalized,20
Nothoscordum gracile,Not Selling,Introduced,47
Nymphaea alba,Selling,Naturalized,18
Nymphaea capensis,Not Selling,Naturalized,10
Ochrosia elliptica,Not Selling,Invasive,2
Ocimum basilicum,Selling,Invasive,55
Oenothera biennis,Selling,Introduced,131
Oenothera curtiflora,Not Selling,Invasive,26
Oenothera drummondii,Selling,Invasive,27
Oenothera glazioviana,Selling,Invasive,118
Oenothera laciniata,Not Selling,Introduced,34
Oenothera oakesiana,Not Selling,Introduced,18
Oenothera odorata,Not Selling,Naturalized,1
Oenothera parviflora,Not Selling,Introduced,29
Oenothera rosea,Selling,Invasive,95
Oenothera speciosa,Not Selling,Introduced,37
Oenothera stricta,Selling,Introduced,81
Oenothera tetraptera,Not Selling,Introduced,31
Oenothera villosa,Not Selling,Introduced,34
Opuntia cochenillifera,Not Selling,Introduced,11
Opuntia dillenii,Not Selling,Invasive,53
Opuntia ficus-indica,Selling,Invasive,180
Opuntia monacantha,Not Selling,Invasive,73
Opuntia stricta,Not Selling,Introduced,105
Oxalis bowiei,Selling,Introduced,22
Oxalis corniculata,Selling,Invasive,304
Oxalis debilis,Not Selling,Invasive,45
Oxalis latifolia,Not Selling,Invasive,81
Oxalis pes-caprae,Selling,Naturalized,86
Oxalis triangularis,Not Selling,Invasive,2
Oxybaphus nyctagineus,Not Selling,Introduced,43
Pachyrhizus erosus,Selling,Naturalized,21
Panicum acuminatum,Not Selling,Introduced,10
Panicum dichotomiflorum,Not Selling,Invasive,52
Panicum maximum,Not Selling,Invasive,230
Papaver nudicaule,Not Selling,Naturalized,9
Parapholis incurva,Not Selling,Invasive,67
Parthenium argentatum,Not Selling,Introduced,1
Parthenium hysterophorus,Selling,Invasive,130
Parthenocissus quinquefolia,Selling,Introduced,66
Paspalidium flavidum,Not Selling,Naturalized,4
Paspalum conjugatum,Not Selling,Invasive,56
Paspalum dilatatum,Not Selling,Invasive,177
Paspalum distichum,Not Selling,Invasive,71
Paspalum fimbriatum,Not Selling,Introduced,12
Paspalum malacophyllum,Not Selling,Introduced,4
Paspalum notatum,Selling,Introduced,52
Paspalum paniculatum,Not Selling,Introduced,35
Paspalum plicatulum,Not Selling,Introduced,33
Paspalum urvillei,Not Selling,Introduced,101
Paspalum virgatum,Not Selling,Introduced,7
Passiflora caerulea,Not Selling,Invasive,44
Passiflora edulis,Selling,Invasive,98
Passiflora foetida,Selling,Invasive,100
Passiflora morifolia,Not Selling,Introduced,3
Passiflora quadrangularis,Selling,Invasive,30
Passiflora suberosa,Not Selling,Invasive,98
Pennisetum clandestinum,Not Selling,Introduced,83
Pennisetum glaucum,Not Selling,Naturalized,69
Pennisetum polystachion,Not Selling,Invasive,28
Pennisetum purpureum,Selling,Introduced,123
Peperomia pellucida,Not Selling,Invasive,60
Pereskia aculeata,Selling,Introduced,26
Persicaria pensylvanica,Not Selling,Naturalized,12
Petiveria alliacea,Not Selling,Invasive,6
Petunia hybrida,Not Selling,Naturalized,19
Phalaris canariensis,Not Selling,Naturalized,162
Phalaris minor,Not Selling,Introduced,141
Phalaris paradoxa,Not Selling,Introduced,69
Phaseolus coccineus,Selling,Naturalized,13
Phaseolus vulgaris,Selling,Naturalized,44
Phleum pratense,Selling,Introduced,133
Phyllanthus amarus,Not Selling,Introduced,105
Phyllanthus debilis,Not Selling,Introduced,20
Phyllanthus niruri,Not Selling,Introduced,7
Phyllanthus tenellus,Not Selling,Introduced,95
Physalis angulata,Not Selling,Invasive,164
Physalis grisea,Not Selling,Introduced,9
Physalis ixocarpa,Not Selling,Introduced,33
Physalis lagascae,Not Selling,Invasive,10
Physalis peruviana,Selling,Introduced,126
Physalis philadelphica,Not Selling,Invasive,49
Physalis pubescens,Selling,Introduced,27
Phytolacca americana,Selling,Invasive,72
Pilea microphylla,Selling,Invasive,102
Piper betle,Selling,Naturalized,3
Pistia stratiotes,Selling,Invasive,101
Pithecellobium dulce,Not Selling,Naturalized,74
Pittosporum tobira,Selling,Naturalized,19
Plantago aristata,Not Selling,Introduced,35
Plantago indica,Not Selling,Naturalized,61
Plantago lanceolata,Selling,Naturalized,249
Plantago virginica,Not Selling,Invasive,21
Pleioblastus gramineus,Selling,Naturalized,3
Pluchea carolinensis,Not Selling,Invasive,15
Pluchea sagittalis,Not Selling,Invasive,2
Plumeria rubra,Selling,Naturalized,14
Poa annua,Selling,Naturalized,253
Poa compressa,Not Selling,Naturalized,95
Poa pratensis,Selling,Naturalized,178
Poa trivialis,Selling,Naturalized,100
Polygala paniculata,Not Selling,Naturalized,31
Polygonum aviculare,Selling,Introduced,251
Porophyllum ruderale,Not Selling,Invasive,4
Portulaca grandiflora,Selling,Naturalized,53
Portulaca oleracea,Selling,Naturalized,274
Portulaca pilosa,Selling,Invasive,59
Praxelis clematidea,Not Selling,Invasive,10
Prunella grandiflora,Selling,Naturalized,2
Pseudelephantopus spicatus,Not Selling,Invasive,34
Psidium guajava,Selling,Introduced,156
Punica granatum,Selling,Naturalized,72
Pupalia micrantha,Not Selling,Naturalized,3
Pyrostegia venusta,Selling,Naturalized,22
Ranunculus arvensis,Not Selling,Invasive,39
Ranunculus marginatus,Not Selling,Invasive,6
Ranunculus muricatus,Selling,Invasive,82
Ranunculus sardous,Not Selling,Introduced,40
Raphanus raphanistrum,Selling,Introduced,251
Rapistrum rugosum,Not Selling,Invasive,168
Rauvolfia tetraphylla,Not Selling,Naturalized,15
Reseda lutea,Not Selling,Invasive,78
Rhus typhina,Not Selling,Introduced,37
Ribes nigrum,Selling,Naturalized,35
Ribes uva-crispa,Not Selling,Naturalized,59
Richardia brasiliensis,Not Selling,Invasive,68
Richardia scabra,Not Selling,Invasive,55
Ricinus communis,Selling,Invasive,350
Rivina humilis,Not Selling,Introduced,59
Robinia pseudoacacia,Selling,Invasive,169
Rollinia mucosa,Not Selling,Naturalized,4
Rorippa amphibia,Not Selling,Invasive,9
Rorippa austriaca,Not Selling,Naturalized,51
Rosmarinus officinalis,Selling,Naturalized,39
Rotala ramosior,Not Selling,Naturalized,3
Rudbeckia hirta,Selling,Invasive,47
Rudbeckia laciniata,Selling,Invasive,63
Ruellia simplex,Not Selling,Naturalized,31
Ruellia tuberosa,Not Selling,Invasive,55
Sagittaria graminea,Not Selling,Introduced,1
Salix fragilis,Not Selling,Naturalized,94
Salvia coccinea,Selling,Introduced,72
Salvia occidentalis,Not Selling,Introduced,13
Salvia sclarea,Not Selling,Introduced,22
Salvia tiliifolia,Not Selling,Invasive,14
Salvinia adnata,Not Selling,Invasive,108
Sansevieria trifasciata,Selling,Introduced,63
Sanvitalia procumbens,Selling,Naturalized,5
Saponaria officinalis,Selling,Naturalized,131
Sclerocarpus africanus,Not Selling,Naturalized,4
Scoparia dulcis,Selling,Invasive,72
Secale cereale,Selling,Invasive,102
Sechium edule,Selling,Naturalized,27
Securigera varia,Not Selling,Invasive,83
Sedum mexicanum,Not Selling,Naturalized,8
Senecio inaequidens,Not Selling,Naturalized,54
Senna alata,Not Selling,Introduced,127
Senna bicapsularis,Not Selling,Invasive,63
Senna corymbosa,Not Selling,Invasive,16
Senna didymobotrya,Not Selling,Invasive,50
Senna fruticosa,Not Selling,Invasive,15
Senna hirsuta,Not Selling,Introduced,60
Senna obtusifolia,Not Selling,Invasive,93
Senna occidentalis,Not Selling,Invasive,207
Senna siamea,Not Selling,Naturalized,51
Senna sophera,Not Selling,Invasive,23
Senna surattensis,Not Selling,Naturalized,18
Senna tora,Not Selling,Naturalized,61
Sesbania cannabina,Selling,Invasive,11
Sesbania grandiflora,Not Selling,Introduced,18
Sesbania herbacea,Not Selling,Invasive,11
Sesbania sesban,Not Selling,Introduced,42
Setaria parviflora,Not Selling,Introduced,74
Setaria sphacelata,Not Selling,Introduced,71
Sherardia arvensis,Not Selling,Introduced,118
Sicyos angulatus,Not Selling,Introduced,15
Sida acuta,Selling,Invasive,78
Sida spinosa,Not Selling,Naturalized,71
Silene armeria,Selling,Naturalized,68
Silene gallica,Selling,Introduced,175
Silene vulgaris,Not Selling,Invasive,88
Silphium perfoliatum,Not Selling,Invasive,19
Silybum marianum,Selling,Introduced,156
Sinapis alba,Selling,Naturalized,93
Sinapis arvensis,Not Selling,Naturalized,146
Sisymbrium altissimum,Not Selling,Naturalized,138
Sisymbrium irio,Not Selling,Naturalized,149
Sisymbrium officinale,Not Selling,Naturalized,195
Sisymbrium orientale,Not Selling,Naturalized,153
Sisyrinchium micranthum,Not Selling,Naturalized,28
Sisyrinchium rosulatum,Not Selling,Naturalized,20
Solanum aculeatissimum,Not Selling,Invasive,14
Solanum americanum,Not Selling,Invasive,225
Solanum betaceum,Not Selling,Naturalized,33
Solanum capsicoides,Not Selling,Invasive,41
Solanum carolinense,Not Selling,Introduced,20
Solanum chrysotrichum,Not Selling,Invasive,10
Solanum diphyllum,Not Selling,Introduced,4
Solanum donianum,Not Selling,Naturalized,2
Solanum elaeagnifolium,Not Selling,Invasive,66
Solanum erianthum,Not Selling,Invasive,12
Solanum lycopersicum,Selling,Naturalized,95
Solanum mauritianum,Not Selling,Introduced,64
Solanum pseudocapsicum,Selling,Introduced,103
Solanum rostratum,Not Selling,Invasive,64
Solanum sarrachoides,Not Selling,Introduced,30
Solanum scabrum,Not Selling,Introduced,8
Solanum seaforthianum,Not Selling,Naturalized,105
Solanum sisymbriifolium,Not Selling,Introduced,64
Solanum torvum,Selling,Invasive,72
Solanum triflorum,Not Selling,Introduced,53
Solanum viarum,Not Selling,Introduced,54
Solidago altissima,Not Selling,Naturalized,18
Solidago canadensis,Selling,Invasive,97
Soliva anthemifolia,Not Selling,Invasive,49
Soliva sessilis,Not Selling,Invasive,67
Sonchus arvensis,Selling,Invasive,71
Sonchus asper,Selling,Introduced,249
Sonchus oleraceus,Selling,Invasive,351
Sorghum halepense,Not Selling,Invasive,258
Spartina alterniflora,Not Selling,Invasive,9
Spartina anglica,Selling,Invasive,18
Spartina cynosuroides,Not Selling,Introduced,1
Spartina patens,Not Selling,Introduced,5
Spergula arvensis,Not Selling,Naturalized,219
Spermacoce alata,Not Selling,Invasive,25
Spermacoce ocymifolia,Not Selling,Naturalized,6
Spermacoce remota,Not Selling,Invasive,38
Sphagneticola trilobata,Not Selling,Invasive,79
Sporobolus pyramidatus,Not Selling,Introduced,15
Sporobolus tenuissimus,Not Selling,Naturalized,10
Stachys arvensis,Not Selling,Introduced,99
Stachytarpheta cayennensis,Not Selling,Introduced,53
Stachytarpheta jamaicensis,Selling,Invasive,108
Stachytarpheta urticifolia,Not Selling,Invasive,65
Stellaria media,Selling,Invasive,279
Stellaria pallida,Not Selling,Invasive,61
Stemodia verticillata,Not Selling,Invasive,7
Stylosanthes guianensis,Not Selling,Introduced,28
Symphytum officinale,Selling,Introduced,66
Synedrella nodiflora,Selling,Invasive,99
Syzygium jambos,Not Selling,Naturalized,83
Tacca leontopetaloides,Not Selling,Naturalized,46
Tagetes erecta,Not Selling,Introduced,82
Tagetes minima,Not Selling,Invasive,1
Tagetes minuta,Not Selling,Invasive,121
Talinum fruticosum,Not Selling,Introduced,17
Talinum paniculatum,Selling,Invasive,91
Tamarindus indica,Selling,Invasive,70
Tanacetum parthenifolium,Not Selling,Invasive,4
Tanacetum vulgare,Selling,Introduced,134
Taraxacum campylodes,Not Selling,Invasive,241
Tarlmounia elliptica,Not Selling,Naturalized,2
Tephrosia candida,Selling,Introduced,26
Tephrosia noctiflora,Not Selling,Naturalized,10
Tephrosia vogelii,Not Selling,Naturalized,12
Tetragonia tetragonioides,Not Selling,Invasive,73
Thunbergia affinis,Not Selling,Naturalized,1
Thunbergia alata,Selling,Introduced,120
Tinantia erecta,Not Selling,Invasive,2
Tithonia diversifolia,Selling,Invasive,95
Tithonia rotundifolia,Not Selling,Invasive,43
Torenia fournieri,Selling,Invasive,10
Tradescantia fluminensis,Not Selling,Invasive,64
Tradescantia pallida,Not Selling,Invasive,26
Tradescantia zebrina,Not Selling,Invasive,60
Tribulus cistoides,Selling,Naturalized,43
Tridax procumbens,Not Selling,Invasive,124
Trifolium alexandrinum,Not Selling,Naturalized,28
Trifolium aureum,Not Selling,Naturalized,60
Trifolium campestre,Not Selling,Naturalized,138
Trifolium dubium,Not Selling,Naturalized,161
Trifolium fragiferum,Selling,Naturalized,66
Trifolium hybridum,Not Selling,Introduced,151
Trifolium incarnatum,Selling,Introduced,103
Trifolium medium,Not Selling,Naturalized,26
Trifolium pratense,Selling,Invasive,161
Trifolium repens,Selling,Invasive,227
Trigonella foenum-graecum,Selling,Naturalized,16
Trigonella hamosa,Not Selling,Naturalized,1
Triodanis perfoliata,Not Selling,Introduced,4
Tripsacum dactyloides,Not Selling,Naturalized,7
Tropaeolum majus,Selling,Naturalized,101
Ulex europaeus,Not Selling,Invasive,110
Ulmus laevis,Selling,Naturalized,11
Vaccaria hispanica,Not Selling,Invasive,139
Vachellia nilotica,Not Selling,Introduced,15
Vallisneria americana,Not Selling,Naturalized,8
Verbena bonariensis,Not Selling,Introduced,101
Verbena bracteata,Not Selling,Introduced,16
Verbena brasiliensis,Not Selling,Introduced,36
Verbena stricta,Not Selling,Introduced,18
Veronica arvensis,Not Selling,Invasive,142
Veronica hederifolia,Not Selling,Invasive,56
Veronica peregrina,Selling,Invasive,82
Veronica persica,Selling,Invasive,240
Veronica polita,Not Selling,Invasive,64
Vicia sativa,Selling,Introduced,179
Vicia villosa,Selling,Invasive,122
Viola arvensis,Not Selling,Naturalized,89
Vulpia myuros,Selling,Naturalized,208
Waltheria indica,Selling,Invasive,21
Xanthium spinosum,Not Selling,Invasive,186
Xanthium strumarium,Not Selling,Invasive,170
Xanthosoma sagittifolium,Not Selling,Invasive,24
Zea mexicana,Not Selling,Naturalized,5
Zephyranthes candida,Selling,Invasive,23
Zephyranthes carinata,Selling,Invasive,13
Zephyranthes minuta,Not Selling,Invasive,11
Zinnia elegans,Selling,Invasive,43
Zinnia peruviana,Selling,Invasive,49
