Species,Sale Availability,invasion_status_final,GrowthForm,MRT,Nat.range,Natu.range,Uses,Stores,Propagules,Price,Nat.con,MRT_scaled,Natu.range_scaled
Abutilon theophrasti,1,0,0,166,7,119,4,4,1,39.4,0,1.66,1.19
Acacia dealbata,1,0,1,83,1,59,9,4,1,86.75,0,0.83,0.59
Acacia decurrens,0,0,2,98,1,32,5,0,0,0,0,0.98,0.32
Acacia farnesiana,1,0,1,282,4,120,9,4,2,30.705,0,2.82,1.2
Acacia longifolia,0,0,2,12,1,41,2,0,0,0,0,0.12,0.41
Acacia mangium,1,2,2,39,1,31,6,3,1,4.666666667,0,0.39,0.31
Acacia mearnsii,0,0,2,71,1,52,8,0,0,0,0,0.71,0.52
Acacia senegal,0,0,2,76,8,1,8,0,0,0,0,0.76,0.01
Acanthospermum australe,0,1,0,86,5,34,1,0,0,0,0,0.86,0.34
Acanthospermum hispidum,0,0,0,86,7,111,1,0,0,0,0,0.86,1.11
Acer negundo,1,2,2,121,9,105,5,3,1,123.3333333,43,1.21,1.05
Achillea millefolium,1,2,0,166,22,82,6,2,2,13.8,4,1.66,0.82
Acmella ciliata,1,1,0,50,5,17,0,1,1,5,2,0.5,0.17
Acmella radicans,0,0,0,8,5,31,0,0,0,0,2,0.08,0.31
Acmella uliginosa,0,1,0,54,13,7,0,0,0,0,2,0.54,0.07
Aeschynomene americana,0,0,0,97,8,33,2,0,0,0,0,0.97,0.33
Agave americana,1,0,0,122,2,100,4,2,1,24.85,0,1.22,1
Agave sisalana,0,2,0,68,1,80,3,0,0,0,0,0.68,0.8
Ageratina adenophora,0,0,0,31,1,59,2,0,0,0,0,0.31,0.59
Ageratum conyzoides,1,0,0,169,6,151,3,3,1,246.0333333,0,1.69,1.51
Ageratum houstonianum,1,0,0,121,1,86,2,1,1,400,0,1.21,0.86
Agrostemma githago,1,0,0,122,11,83,3,8,1,33.94166667,0,1.22,0.83
Albizia lebbeck,1,0,2,137,2,90,11,2,1,11.66,0,1.37,0.9
Alliaria petiolata,0,0,0,94,11,50,2,0,0,0,0,0.94,0.5
Alopecurus myosuroides,0,1,0,79,10,49,0,0,0,0,0,0.79,0.49
Alternanthera bettzickiana,1,1,0,105,2,32,4,6,2,45.64,0,1.05,0.32
Alternanthera paronychioides,0,2,0,91,7,47,1,0,0,0,0,0.91,0.47
Alternanthera philoxeroides,1,0,0,92,3,69,3,2,2,15.95,0,0.92,0.69
Alternanthera pungens,1,0,0,65,3,118,1,1,1,710,0,0.65,1.18
Alyssum alyssoides,0,0,0,94,8,64,1,0,0,0,6,0.94,0.64
Amaranthus albus,1,0,0,101,9,158,1,2,1,237.5,1,1.01,1.58
Amaranthus blitoides,0,2,0,96,9,103,0,0,0,0,1,0.96,1.03
Amaranthus blitum,0,0,0,117,13,94,1,0,0,0,1,1.17,0.94
Amaranthus caudatus,1,0,0,166,2,104,4,4,1,29.375,1,1.66,1.04
Amaranthus cruentus,1,0,0,123,2,102,2,4,1,100.625,1,1.23,1.02
Amaranthus dubius,0,2,0,53,6,46,2,0,0,0,1,0.53,0.46
Amaranthus hybridus,1,0,0,144,14,202,1,1,1,142.4,1,1.44,2.02
Amaranthus hypochondriacus,1,2,0,92,3,49,4,5,1,45.18,1,0.92,0.49
Amaranthus palmeri,0,0,0,37,4,52,1,0,0,0,1,0.37,0.52
Amaranthus polygonoides,0,0,0,20,5,2,0,0,0,0,1,0.2,0.02
Amaranthus powellii,0,0,0,28,6,104,1,0,0,0,1,0.28,1.04
Amaranthus retroflexus,1,0,0,117,8,209,5,4,1,32.1,1,1.17,2.09
Amaranthus spinosus,0,0,0,121,7,149,3,0,0,0,1,1.21,1.49
Amaranthus standleyanus,0,2,0,19,1,4,0,0,0,0,1,0.19,0.04
Amaranthus tricolor,1,2,0,121,5,22,3,2,1,3.28,1,1.21,0.22
Amaranthus tuberculatus,0,0,0,18,5,27,0,0,0,0,1,0.18,0.27
Amaranthus viridis,1,0,0,159,5,206,3,1,1,240,1,1.59,2.06
Amberboa moschata,0,1,0,166,2,7,1,0,0,0,0,1.66,0.07
Ambrosia artemisiifolia,0,0,0,65,11,111,2,0,0,0,0,0.65,1.11
Ambrosia psilostachya,0,0,0,30,9,72,0,0,0,0,0,0.3,0.72
Ambrosia trifida,0,0,0,113,8,32,1,0,0,0,0,1.13,0.32
Ammannia coccinea,0,0,0,18,8,12,0,0,0,0,1,0.18,0.12
Ammi majus,1,0,0,96,9,105,3,1,1,70,0,0.96,1.05
Amorpha fruticosa,1,1,1,103,8,53,8,6,3,14.51666667,0,1.03,0.53
Anagallis arvensis,1,1,0,122,13,150,2,2,1,2672.5,0,1.22,1.5
Andrographis paniculata,1,1,0,98,1,4,1,7,2,240.3873016,0,0.98,0.04
Annona glabra,0,1,2,79,8,13,3,0,0,0,0,0.79,0.13
Anredera cordifolia,1,0,0,96,3,100,3,2,1,10.995,0,0.96,1
Anredera vesicaria,0,0,0,45,7,5,1,0,0,0,0,0.45,0.05
Anthemis arvensis,0,2,0,120,9,80,0,0,0,0,0,1.2,0.8
Anthriscus caucalis,0,2,0,113,7,51,0,0,0,0,1,1.13,0.51
Antigonon leptopus,0,2,1,103,3,130,1,0,0,0,0,1.03,1.3
Arachis hypogaea,1,1,0,157,1,67,8,6,1,24.365,0,1.57,0.67
Argemone mexicana,0,0,0,159,6,160,2,0,0,0,0,1.59,1.6
Argyreia nervosa,0,1,0,88,1,18,3,0,0,0,2,0.88,0.18
Armoracia rusticana,1,1,0,96,1,118,5,4,1,171.085,0,0.96,1.18
Arrhenatherum elatius,1,0,0,96,11,94,3,1,1,6.4,0,0.96,0.94
Artemisia annua,1,1,0,282,5,82,3,3,1,71.76666667,38,2.82,0.82
Asclepias curassavica,1,2,0,169,6,140,3,7,1,157.5257143,0,1.69,1.4
Asparagus densiflorus,1,0,1,102,1,20,1,2,1,158.5,28,1.02,0.2
Asparagus setaceus,1,1,1,100,4,84,0,8,3,12.2375,28,1,0.84
Aster subulatus,0,0,0,89,12,64,0,0,0,0,89,0.89,0.64
Atriplex canescens,0,0,1,94,6,4,4,0,0,0,7,0.94,0.04
Atriplex hortensis,0,1,0,91,4,63,1,0,0,0,7,0.91,0.63
Atriplex nummularia,0,0,0,26,1,15,1,0,0,0,7,0.26,0.15
Avena fatua,1,0,0,137,14,204,5,4,1,16.97,0,1.37,2.04
Avena sterilis,0,0,0,91,12,46,2,0,0,0,0,0.91,0.46
Axonopus compressus,0,2,0,96,9,79,4,0,0,0,0,0.96,0.79
Axonopus fissifolius,0,0,0,19,9,54,3,0,0,0,0,0.19,0.54
Azolla filiculoides,0,0,0,100,10,65,3,0,0,0,1,1,0.65
Basella alba,1,0,0,110,4,35,4,7,1,105.6285714,0,1.1,0.35
Begonia cucullata,0,0,0,69,2,10,2,0,0,0,136,0.69,0.1
Berberis thunbergii,1,1,1,98,1,59,3,4,3,48.4,67,0.98,0.59
Bidens bipinnata,1,0,0,169,6,81,2,2,1,2.13,3,1.69,0.81
Bidens frondosa,0,0,0,96,9,70,1,0,0,0,3,0.96,0.7
Bidens pilosa,1,0,0,265,8,230,3,4,1,524.425,3,2.65,2.3
Bixa orellana,0,1,2,122,5,32,4,0,0,0,0,1.22,0.32
Boerhavia erecta,0,1,0,51,17,62,0,0,0,0,2,0.51,0.62
Borago officinalis,0,0,0,86,6,121,5,0,0,0,0,0.86,1.21
Bougainvillea glabra,0,1,1,100,1,43,2,0,0,0,0,1,0.43
Bougainvillea spectabilis,0,1,1,106,1,25,2,0,0,0,0,1.06,0.25
Brachiaria brizantha,0,0,0,42,6,52,2,0,0,0,0,0.42,0.52
Brachiaria eruciformis,0,0,0,95,12,22,1,0,0,0,0,0.95,0.22
Brachiaria mutica,0,0,0,91,7,141,3,0,0,0,0,0.91,1.41
Brachiaria plantaginea,0,1,0,91,9,62,0,0,0,0,0,0.91,0.62
Brassica juncea,1,1,0,137,1,183,6,7,1,691.8392857,1,1.37,1.83
Bromus arvensis,0,2,0,166,6,66,3,0,0,0,0,1.66,0.66
Bromus catharticus,0,0,0,69,4,182,1,0,0,0,11,0.69,1.82
Bromus rigidus,0,1,0,89,6,58,0,0,0,0,11,0.89,0.58
Brugmansia suaveolens,0,0,1,99,2,70,2,0,0,0,0,0.99,0.7
Bryophyllum daigremontianum,0,2,0,44,1,9,2,0,0,0,0,0.44,0.09
Bryophyllum delagoense,0,2,0,9,1,75,2,0,0,0,0,0.09,0.75
Bryophyllum pinnatum,1,0,0,104,1,172,3,4,2,9.845,0,1.04,1.72
Buchloe dactyloides,1,2,0,69,7,7,4,7,1,235.0571429,0,0.69,0.07
Bunias orientalis,0,0,0,90,6,79,2,0,0,0,0,0.9,0.79
Cabomba caroliniana,0,0,0,24,7,30,1,0,0,0,0,0.24,0.3
Caesalpinia pulcherrima,1,1,2,169,2,79,3,1,1,365,3,1.69,0.79
Cajanus cajan,1,0,1,169,1,56,9,5,1,32.2,6,1.69,0.56
Caladium bicolor,1,1,0,79,3,19,3,1,1,76,0,0.79,0.19
Callisia repens,0,0,0,19,6,19,3,0,0,0,0,0.19,0.19
Calopogonium mucunoides,0,0,0,97,5,35,5,0,0,0,0,0.97,0.35
Calotropis procera,0,0,1,138,10,78,2,0,0,0,0,1.38,0.78
Calyptocarpus vialis,0,0,0,24,4,41,0,0,0,0,0,0.24,0.41
Canavalia ensiformis,0,1,0,105,1,20,7,0,0,0,3,1.05,0.2
Canna indica,1,1,0,169,7,142,8,6,4,36.78,0,1.69,1.42
Cannabis sativa,0,0,0,157,4,173,2,0,0,0,0,1.57,1.73
Capsella bursa-pastoris,1,1,0,166,12,268,4,5,1,49.54,0,1.66,2.68
Capsicum annuum,1,1,0,129,7,107,2,4,2,45.65,0,1.29,1.07
Cardamine flexuosa,0,0,0,139,7,84,1,0,0,0,4,1.39,0.84
Carica papaya,1,1,2,115,2,155,5,7,3,41.09857143,0,1.15,1.55
Carthamus tinctorius,0,1,0,166,1,79,8,0,0,0,0,1.66,0.79
Cascabela thevetia,0,1,2,101,7,58,4,0,0,0,0,1.01,0.58
Cassia floribunda,1,1,1,88,1,2,3,1,1,120,1,0.88,0.02
Catharanthus roseus,1,0,0,169,1,222,2,6,3,530.9047619,0,1.69,2.22
Celosia argentea,1,0,0,154,5,112,4,4,1,25.1225,0,1.54,1.12
Cenchrus clandestinus,0,0,0,12,4,51,5,0,0,0,2,0.12,0.51
Cenchrus echinatus,0,0,0,104,8,129,0,0,0,0,2,1.04,1.29
Cenchrus incertus,0,0,0,7,12,33,0,0,0,0,2,0.07,0.33
Cenchrus purpureus,0,0,0,113,5,47,4,0,0,0,2,1.13,0.47
Centaurea diffusa,0,2,0,58,4,58,0,0,0,0,3,0.58,0.58
Centipeda minima,0,1,0,222,9,5,0,0,0,0,0,2.22,0.05
Centrosema pubescens,0,0,0,97,3,36,3,0,0,0,0,0.97,0.36
Cerastium fontanum,0,1,0,114,9,108,0,0,0,0,1,1.14,1.08
Cerastium glomeratum,0,0,0,135,11,169,0,0,0,0,1,1.35,1.69
Cestrum nocturnum,1,2,1,124,3,51,3,3,2,39.33333333,0,1.24,0.51
Chamaecrista mimosoides,0,2,1,92,12,5,1,0,0,0,3,0.92,0.05
Chenopodium album,0,1,0,166,9,283,3,0,0,0,2,1.66,2.83
Chenopodium giganteum,0,2,0,111,3,29,2,0,0,0,2,1.11,0.29
Chenopodium hybridum,0,0,0,117,12,10,1,0,0,0,2,1.17,0.1
Chloris barbata,0,2,0,114,14,118,0,0,0,0,0,1.14,1.18
Chloris gayana,0,0,0,104,7,162,3,0,0,0,0,1.04,1.62
Chloris virgata,1,1,0,154,28,133,3,1,1,40,0,1.54,1.33
Chromolaena odorata,0,0,0,86,9,62,2,0,0,0,0,0.86,0.62
Chrysopogon zizanioides,0,2,0,25,2,18,4,0,0,0,3,0.25,0.18
Cichorium intybus,1,2,0,166,11,177,4,5,1,42.6,0,1.66,1.77
Cinchona calisaya,0,1,2,90,1,2,2,0,0,0,0,0.9,0.02
Cinchona officinalis,0,1,1,94,1,5,1,0,0,0,0,0.94,0.05
Cinchona pubescens,0,1,2,94,3,10,3,0,0,0,0,0.94,0.1
Clarkia pulchella,1,2,0,84,3,5,1,1,1,54,0,0.84,0.05
Cleome rutidosperma,0,0,0,64,5,43,0,0,0,0,0,0.64,0.43
Cleoserrata speciosa,0,1,0,104,4,20,1,0,0,0,0,1.04,0.2
Clidemia hirta,0,2,1,23,4,36,2,0,0,0,0,0.23,0.36
Clitoria ternatea,1,2,0,129,10,97,4,4,2,178,0,1.29,0.97
Codiaeum variegatum,1,1,1,100,4,27,1,6,2,35.35,0,1,0.27
Conium maculatum,0,0,0,120,12,176,3,0,0,0,0,1.2,1.76
Conyza sumatrensis,0,0,0,100,3,49,0,0,0,0,1,1,0.49
Corchorus olitorius,0,0,0,169,1,48,3,0,0,0,0,1.69,0.48
Cordyline fruticosa,1,1,0,103,8,58,2,4,2,88.225,0,1.03,0.58
Coreopsis basalis,0,0,0,72,2,9,1,0,0,0,0,0.72,0.09
Coreopsis grandiflora,1,2,0,71,5,55,1,6,1,98.23333333,0,0.71,0.55
Coreopsis lanceolata,1,0,0,113,5,70,1,1,1,17.98,0,1.13,0.7
Coreopsis tinctoria,1,0,0,121,9,58,1,6,1,95.33333333,0,1.21,0.58
Coriandrum sativum,1,1,0,169,4,143,4,1,1,600,0,1.69,1.43
Cosmos bipinnatus,1,0,0,120,2,113,3,3,1,207.7933333,0,1.2,1.13
Cosmos sulphureus,0,0,0,100,1,105,3,0,0,0,0,1,1.05
Cota tinctoria,0,1,0,91,9,59,2,0,0,0,0,0.91,0.59
Crassocephalum crepidioides,1,0,0,98,8,80,2,2,1,487.5,0,0.98,0.8
Crassocephalum rubens,0,0,0,12,7,2,0,0,0,0,0,0.12,0.02
Crepis tectorum,0,0,0,97,10,51,0,0,0,0,1,0.97,0.51
Crotalaria incana,1,2,0,70,14,43,1,7,2,25.49714286,17,0.7,0.43
Crotalaria juncea,0,2,0,89,1,67,7,0,0,0,17,0.89,0.67
Crotalaria lanceolata,0,2,0,86,5,40,2,0,0,0,17,0.86,0.4
Crotalaria micans,0,2,1,92,7,21,5,0,0,0,17,0.92,0.21
Crotalaria ochroleuca,0,2,0,70,6,11,0,0,0,0,17,0.7,0.11
Crotalaria trichotoma,0,2,0,88,2,23,1,0,0,0,17,0.88,0.23
Croton hirtus,0,0,0,7,7,9,0,0,0,0,4,0.07,0.09
Cucumis melo,1,1,0,123,17,89,2,3,1,29.64,4,1.23,0.89
Cuphea carthagenensis,0,0,0,55,7,43,2,0,0,0,0,0.55,0.43
Curcuma longa,1,1,0,113,1,21,5,1,1,50,3,1.13,0.21
Cuscuta approximata,0,0,0,166,9,16,0,0,0,0,5,1.66,0.16
Cuscuta campestris,0,0,0,31,10,147,0,0,0,0,5,0.31,1.47
Cyanthillium cinereum,0,1,0,271,12,104,2,0,0,0,1,2.71,1.04
Cyanus segetum,1,2,0,105,7,104,3,6,1,35.79166667,0,1.05,1.04
Cyclospermum leptophyllum,0,0,0,103,10,132,0,0,0,0,0,1.03,1.32
Cymbalaria muralis,0,2,0,71,2,167,1,0,0,0,0,0.71,1.67
Cymbopogon nardus,0,2,0,112,5,5,3,0,0,0,5,1.12,0.05
Cynodon plectostachyus,0,1,0,52,2,22,3,0,0,0,0,0.52,0.22
Cyperus prolifer,0,1,0,20,5,10,1,0,0,0,18,0.2,0.1
Cyperus rotundus,1,0,0,178,22,178,6,1,1,45,18,1.78,1.78
Cyperus surinamensis,0,2,0,13,10,4,0,0,0,0,18,0.13,0.04
Dactylis glomerata,1,1,0,174,13,220,4,4,1,45.4,0,1.74,2.2
Dahlia pinnata,1,1,0,116,1,5,2,5,2,280.76,0,1.16,0.05
Dalbergia sissoo,0,1,2,116,4,22,6,0,0,0,26,1.16,0.22
Datura metel,1,0,0,192,4,120,3,2,1,14.2,0,1.92,1.2
Datura stramonium,1,0,0,163,1,293,5,5,1,145,0,1.63,2.93
Daucus carota,0,0,0,166,11,138,2,0,0,0,0,1.66,1.38
Derris elliptica,0,0,1,88,3,2,2,0,0,0,4,0.88,0.02
Desmanthus virgatus,1,0,0,59,8,49,1,2,1,285,0,0.59,0.49
Desmodium intortum,0,1,0,42,5,14,1,0,0,0,2,0.42,0.14
Desmodium scorpiurus,0,1,0,97,5,11,0,0,0,0,2,0.97,0.11
Desmodium tortuosum,0,2,0,92,9,63,1,0,0,0,2,0.92,0.63
Deutzia crenata,1,1,1,100,1,3,1,1,1,30,16,1,0.03
Dianthus sylvestris,0,1,0,69,4,2,0,0,0,0,14,0.69,0.02
Dichanthium annulatum,0,1,0,153,12,68,0,0,0,0,1,1.53,0.68
Dieffenbachia seguine,0,1,0,69,6,17,3,0,0,0,0,0.69,0.17
Digitalis purpurea,1,1,0,100,5,111,3,6,2,213.8316667,0,1,1.11
Digitaria ciliaris,0,1,0,112,22,193,2,0,0,0,12,1.12,1.93
Dinebra retroflexa,0,2,0,43,9,14,0,0,0,0,0,0.43,0.14
Diodia virginiana,0,2,0,6,6,2,0,0,0,0,0,0.06,0.02
Diplotaxis muralis,0,2,0,115,7,137,1,0,0,0,0,1.15,1.37
Dolichandra unguis-cati,0,0,0,96,7,60,3,0,0,0,0,0.96,0.6
Duranta erecta,0,1,1,112,7,46,3,0,0,0,0,1.12,0.46
Dysphania ambrosioides,0,0,0,98,10,235,4,0,0,0,1,0.98,2.35
Dysphania pumilio,0,0,0,29,1,75,0,0,0,0,1,0.29,0.75
Echinochloa crus-galli,0,1,0,184,1,239,0,0,0,0,1,1.84,2.39
Echinocystis lobata,0,2,0,6,8,59,1,0,0,0,0,0.06,0.59
Eclipta prostrata,1,1,0,169,13,86,1,1,1,16.8,0,1.69,0.86
Ehrharta erecta,0,2,0,24,6,34,0,0,0,0,0,0.24,0.34
Eichhornia crassipes,1,0,0,114,2,193,6,5,3,5.1784,0,1.14,1.93
Elaeis guineensis,0,1,1,68,4,25,7,0,0,0,0,0.68,0.25
Elephantopus tomentosus,0,0,0,94,3,1,1,0,0,0,0,0.94,0.01
Eleusine coracana,0,1,0,136,7,19,3,0,0,0,0,1.36,0.19
Eleutherine bulbosa,0,1,0,86,4,21,0,0,0,0,0,0.86,0.21
Emilia fosbergii,0,1,0,26,12,36,0,0,0,0,0,0.26,0.36
Emilia sonchifolia,1,1,0,138,6,73,3,1,1,7.366666667,0,1.38,0.73
Epiphyllum oxypetalum,1,1,1,93,2,5,2,7,2,20.59428571,0,0.93,0.05
Eragrostis ciliaris,0,1,0,110,15,113,1,0,0,0,11,1.1,1.13
Eragrostis curvula,0,0,0,69,3,119,4,0,0,0,11,0.69,1.19
Erechtites hieraciifolius,0,2,0,84,12,16,1,0,0,0,0,0.84,0.16
Erechtites valerianifolius,0,0,0,100,7,13,0,0,0,0,0,1,0.13
Erigeron annuus,1,0,0,121,5,86,1,1,1,3.8,6,1.21,0.86
Erigeron bellioides,0,1,0,112,3,7,0,0,0,0,6,1.12,0.07
Erigeron bonariensis,0,0,0,169,4,210,1,0,0,0,6,1.69,2.1
Erigeron canadensis,0,0,0,144,10,238,2,0,0,0,6,1.44,2.38
Erigeron karvinskianus,0,1,0,73,5,90,1,0,0,0,6,0.73,0.9
Erigeron philadelphicus,0,0,0,38,9,8,1,0,0,0,6,0.38,0.08
Erigeron strigosus,0,0,0,55,6,24,1,0,0,0,6,0.55,0.24
Erigeron sumatrensis,0,0,0,112,3,39,0,0,0,0,6,1.12,0.39
Erodium moschatum,0,1,0,23,7,99,1,0,0,0,3,0.23,0.99
Eryngium foetidum,1,2,0,110,5,11,2,2,1,397.5,0,1.1,0.11
Erysimum repandum,0,0,0,93,9,57,0,0,0,0,4,0.93,0.57
Eschscholzia californica,1,1,0,92,4,86,3,6,1,129.075,0,0.92,0.86
Etlingera elatior,0,1,0,94,2,4,2,0,0,0,0,0.94,0.04
Eucalyptus exserta,1,0,2,100,1,1,1,1,1,45,0,1,0.01
Eucalyptus globulus,1,0,2,94,1,73,10,1,1,240,0,0.94,0.73
Eucalyptus robusta,1,0,2,107,1,24,2,2,2,29.9,0,1.07,0.24
Eupatorium cannabinum,0,0,0,99,9,13,2,0,0,0,4,0.99,0.13
Euphorbia cyathophora,0,0,0,94,10,138,4,0,0,0,11,0.94,1.38
Euphorbia dentata,0,0,0,38,5,17,1,0,0,0,11,0.38,0.17
Euphorbia heterophylla,0,0,0,115,10,99,1,0,0,0,11,1.15,0.99
Euphorbia hirta,1,0,0,282,10,167,1,1,1,23.9,11,2.82,1.67
Euphorbia hypericifolia,0,0,0,137,9,34,1,0,0,0,11,1.37,0.34
Euphorbia hyssopifolia,0,0,0,133,10,51,1,0,0,0,11,1.33,0.51
Euphorbia lathyris,1,1,0,136,3,85,4,1,1,59,11,1.36,0.85
Euphorbia maculata,1,0,0,108,5,130,1,1,1,28.8,11,1.08,1.3
Euphorbia marginata,1,2,0,115,4,52,2,5,2,59.18,11,1.15,0.52
Euphorbia milii,1,1,1,115,1,14,4,6,3,16.65,11,1.15,0.14
Euphorbia neriifolia,1,1,1,115,5,4,3,5,2,44.78,11,1.15,0.04
Euphorbia nutans,0,2,0,16,7,29,1,0,0,0,11,0.16,0.29
Euphorbia peplus,0,0,0,97,14,215,2,0,0,0,11,0.97,2.15
Euphorbia prostrata,0,0,0,101,10,184,2,0,0,0,11,1.01,1.84
Euphorbia pulcherrima,1,0,1,102,2,13,4,4,1,27.675,11,1.02,0.13
Euphorbia serpens,0,0,0,97,13,58,0,0,0,0,11,0.97,0.58
Euphorbia tirucalli,1,0,0,282,5,73,6,5,2,17.172,11,2.82,0.73
Euphorbia tithymaloides,0,1,1,94,6,58,3,0,0,0,11,0.94,0.58
Evolvulus nummularius,0,0,0,21,7,42,0,0,0,0,0,0.21,0.42
Fallopia scandens,0,2,0,92,15,1,0,0,0,0,3,0.92,0.01
Festuca arundinacea,1,0,0,84,7,85,5,4,1,26.425,11,0.84,0.85
Festuca rubra,1,0,0,125,11,98,3,3,1,20.66666667,11,1.25,0.98
Flaveria bidentis,0,0,0,32,3,17,1,0,0,0,0,0.32,0.17
Foeniculum vulgare,1,1,0,166,8,188,3,4,1,185.875,0,1.66,1.88
Gaillardia aristata,1,0,0,107,5,22,1,5,1,371.28,0,1.07,0.22
Gaillardia pulchella,1,0,0,114,4,52,1,5,1,128,0,1.14,0.52
Galinsoga parviflora,1,0,0,108,8,257,1,1,1,32,0,1.08,2.57
Galinsoga quadriradiata,0,0,0,103,1,177,0,0,0,0,0,1.03,1.77
Galium aparine,0,2,0,137,1,106,1,0,0,0,4,1.37,1.06
Gaura biennis,0,1,0,120,4,1,0,0,0,0,0,1.2,0.01
Gaura lindheimeri,0,1,0,112,2,20,0,0,0,0,0,1.12,0.2
Gaura mollis,0,0,0,92,8,3,0,0,0,0,0,0.92,0.03
Geranium carolinianum,1,0,0,104,10,14,1,1,1,3.36,55,1.04,0.14
Geranium molle,0,1,0,103,10,97,0,0,0,0,55,1.03,0.97
Glebionis coronaria,0,0,0,166,5,66,2,0,0,0,0,1.66,0.66
Gliricidia sepium,0,2,2,34,2,27,8,0,0,0,0,0.34,0.27
Glyceria maxima,0,2,0,108,8,33,3,0,0,0,1,1.08,0.33
Gnaphalium pensylvanicum,1,1,0,101,4,106,0,1,1,19,1,1.01,1.06
Gnaphalium polycaulon,0,1,0,115,1,76,0,0,0,0,1,1.15,0.76
Gnaphalium purpureum,0,1,0,169,12,46,0,0,0,0,1,1.69,0.46
Gomphrena celosioides,0,2,0,122,3,87,1,0,0,0,0,1.22,0.87
Gomphrena globosa,1,1,0,120,5,89,2,5,1,88.432,0,1.2,0.89
Grindelia squarrosa,0,2,0,86,7,34,2,0,0,0,0,0.86,0.34
Gymnocoronis spilanthoides,0,2,0,19,3,15,1,0,0,0,0,0.19,0.15
Helenium autumnale,0,2,0,113,10,7,2,0,0,0,0,1.13,0.07
Helianthus annuus,0,1,0,122,8,107,9,0,0,0,0,1.22,1.07
Helianthus laetiflorus,0,1,0,55,6,43,1,0,0,0,0,0.55,0.43
Helianthus tuberosus,1,1,0,127,7,135,6,4,1,7.324444444,0,1.27,1.35
Heliotropium ellipticum,0,0,0,66,6,1,0,0,0,0,4,0.66,0.01
Heliotropium europaeum,1,0,0,145,7,64,2,1,1,13.9,4,1.45,0.64
Heliotropium indicum,0,1,0,192,3,101,2,0,0,0,4,1.92,1.01
Herissantia crispa,0,0,0,90,10,7,0,0,0,0,0,0.9,0.07
Hesperis matronalis,1,1,0,92,8,116,2,3,1,24,2,0.92,1.16
Hibiscus trionum,0,0,0,145,15,121,1,0,0,0,0,1.45,1.21
Hippeastrum striatum,0,1,0,12,2,5,0,0,0,0,0,0.12,0.05
Hippeastrum vittatum,1,0,0,100,2,4,1,3,2,229.5333333,0,1,0.04
Hippobroma longiflora,0,0,0,93,1,43,1,0,0,0,0,0.93,0.43
Holcus lanatus,1,2,0,120,9,186,2,4,1,149.25,0,1.2,1.86
Homalocladium platycladum,0,1,1,102,1,7,1,0,0,0,0,1.02,0.07
Hordeum bulbosum,0,1,0,98,7,8,1,0,0,0,5,0.98,0.08
Hordeum jubatum,1,0,0,96,14,113,1,1,1,16,5,0.96,1.13
Hydrocotyle verticillata,0,0,0,14,18,9,0,0,0,0,1,0.14,0.09
Hydrocotyle vulgaris,0,1,0,43,8,2,0,0,0,0,1,0.43,0.02
Hypochaeris radicata,0,1,0,103,9,188,0,0,0,0,2,1.03,1.88
Hyptis brevipes,0,0,0,93,7,4,1,0,0,0,0,0.93,0.04
Hyptis capitata,0,0,0,101,5,20,0,0,0,0,0,1.01,0.2
Hyptis suaveolens,1,0,0,104,7,67,1,3,1,41.11111111,0,1.04,0.67
Impatiens balsamina,1,0,0,105,2,61,3,4,2,430.22,119,1.05,0.61
Impatiens walleriana,1,2,0,62,2,96,1,4,2,20.5625,119,0.62,0.96
Indigofera suffruticosa,1,2,1,112,9,52,5,1,1,18,0,1.12,0.52
Ipomoea alba,0,2,0,89,8,51,1,0,0,0,9,0.89,0.51
Ipomoea batatas,1,1,0,137,1,106,5,4,2,3.629666667,9,1.37,1.06
Ipomoea cairica,1,0,0,191,15,101,2,4,2,21.25,9,1.91,1.01
Ipomoea carnea,0,0,0,87,7,21,0,0,0,0,9,0.87,0.21
Ipomoea cordatotriloba,0,2,0,12,4,5,0,0,0,0,9,0.12,0.05
Ipomoea eriocarpa,0,1,0,93,16,2,2,0,0,0,9,0.93,0.02
Ipomoea hederifolia,0,2,0,80,9,42,1,0,0,0,9,0.8,0.42
Ipomoea indica,1,2,0,169,5,72,1,1,1,59.9,9,1.69,0.72
Ipomoea lacunosa,0,0,0,39,1,7,0,0,0,0,9,0.39,0.07
Ipomoea mauritiana,0,0,0,90,18,9,1,0,0,0,9,0.9,0.09
Ipomoea nil,1,0,0,123,7,112,2,4,1,425.575,9,1.23,1.12
Ipomoea purpurea,1,0,0,102,7,155,3,2,1,51.9,9,1.02,1.55
Ipomoea quamoclit,0,0,0,105,3,84,1,0,0,0,9,1.05,0.84
Ipomoea rubriflora,0,2,0,74,2,35,0,0,0,0,9,0.74,0.35
Ipomoea trifida,0,1,0,39,5,2,0,0,0,0,9,0.39,0.02
Ipomoea triloba,1,0,0,101,4,65,1,1,1,80,9,1.01,0.65
Ipomoea turbinata,0,1,0,46,1,8,3,0,0,0,9,0.46,0.08
Iresine herbstii,1,1,0,101,1,6,3,2,1,93.35,0,1.01,0.06
Jacquemontia tamnifolia,0,0,0,41,7,18,0,0,0,0,0,0.41,0.18
Jasminum sambac,1,1,0,115,1,12,5,7,3,26.50190476,14,1.15,0.12
Jatropha curcas,1,2,2,222,5,88,7,7,1,25.98285714,0,2.22,0.88
Justicia adhatoda,0,2,1,169,2,1,5,0,0,0,2,1.69,0.01
Justicia gendarussa,0,0,1,170,1,4,3,0,0,0,2,1.7,0.04
Kalanchoe tubiflora,0,1,0,21,1,15,2,0,0,0,0,0.21,0.15
Kickxia elatine,0,2,0,169,11,76,0,0,0,0,0,1.69,0.76
Kyllinga polyphylla,0,1,0,12,7,7,0,0,0,0,4,0.12,0.07
Lablab purpureus,1,1,0,169,7,90,2,9,1,128.6,0,1.69,0.9
Lactuca sativa,1,1,0,166,1,68,2,8,2,544.1496795,10,1.66,0.68
Lactuca serriola,1,0,0,187,15,205,3,1,1,19.8,10,1.87,2.05
Lagascea mollis,0,1,0,57,7,19,0,0,0,0,0,0.57,0.19
Lantana camara,1,0,1,169,5,194,3,8,3,32.59,0,1.69,1.94
Lantana montevidensis,0,2,1,100,3,32,2,0,0,0,0,1,0.32
Lepidium bonariense,0,0,0,13,2,75,0,0,0,0,5,0.13,0.75
Lepidium campestre,0,0,0,97,7,83,0,0,0,0,5,0.97,0.83
Lepidium densiflorum,0,2,0,98,10,103,0,0,0,0,5,0.98,1.03
Lepidium didymum,0,0,0,115,4,219,0,0,0,0,5,1.15,2.19
Lepidium virginicum,1,0,0,112,11,141,2,3,1,572.9333333,5,1.12,1.41
Leucaena leucocephala,1,0,1,169,2,205,10,5,2,74.04,0,1.69,2.05
Leucanthemum vulgare,0,0,0,112,6,181,2,0,0,0,0,1.12,1.81
Limnocharis flava,1,0,0,19,7,10,1,1,1,45,0,0.19,0.1
Lindernia dubia,0,1,0,17,15,16,0,0,0,0,1,0.17,0.16
Linum striatum,0,1,0,108,4,1,0,0,0,0,6,1.08,0.01
Linum usitatissimum,1,1,0,170,2,148,7,4,1,29.33139881,6,1.7,1.48
Lobularia maritima,1,1,0,105,4,157,2,8,2,164.2320833,0,1.05,1.57
Lolium multiflorum,0,2,0,107,9,187,7,0,0,0,0,1.07,1.87
Lolium perenne,1,2,0,123,11,249,7,8,1,10.38625,0,1.23,2.49
Lolium persicum,0,0,0,91,4,15,0,0,0,0,0,0.91,0.15
Lolium remotum,0,2,0,46,1,9,0,0,0,0,0,0.46,0.09
Lolium rigidum,0,1,0,121,10,96,1,0,0,0,0,1.21,0.96
Lolium temulentum,0,0,0,74,1,148,2,0,0,0,0,0.74,1.48
Lonicera sempervirens,0,1,1,87,5,14,1,0,0,0,43,0.87,0.14
Lotus corniculatus,1,1,0,166,16,115,4,7,4,39.68285714,1,1.66,1.15
Ludwigia hyssopifolia,1,1,0,95,18,24,1,4,2,176.675,5,0.95,0.24
Ludwigia leptocarpa,0,2,0,11,6,4,0,0,0,0,0,0.11,0.04
Macroptilium atropurpureum,0,2,0,54,7,102,2,0,0,0,0,0.54,1.02
Macroptilium lathyroides,1,2,0,109,6,66,3,3,1,179.8333333,0,1.09,0.66
Macrotyloma uniflorum,0,1,0,89,6,5,6,0,0,0,0,0.89,0.05
Malachra capitata,0,1,0,24,6,37,1,0,0,0,0,0.24,0.37
Malvastrum americanum,0,2,0,67,9,41,0,0,0,0,0,0.67,0.41
Malvastrum coromandelianum,1,0,1,135,8,128,1,6,1,31.06666667,0,1.35,1.28
Mangifera indica,1,1,2,282,2,144,6,3,2,17.06666667,1,2.82,1.44
Manihot esculenta,1,1,1,102,3,57,2,7,3,44.07571429,0,1.02,0.57
Martynia annua,0,2,0,58,3,47,2,0,0,0,0,0.58,0.47
Matricaria matricarioides,0,1,0,69,10,57,1,0,0,0,1,0.69,0.57
Mecardonia procumbens,0,0,0,18,9,48,0,0,0,0,0,0.18,0.48
Medicago minima,0,2,0,112,12,93,1,0,0,0,4,1.12,0.93
Medicago polymorpha,0,0,0,121,11,234,2,0,0,0,4,1.21,2.34
Medicago sativa,1,0,0,166,15,282,4,5,1,21.1,4,1.66,2.82
Melilotus officinalis,1,0,0,167,10,118,0,1,1,28,2,1.67,1.18
Melinis minutiflora,1,2,0,92,8,108,2,4,2,137.15,0,0.92,1.08
Melinis repens,0,0,0,82,11,173,3,0,0,0,0,0.82,1.73
Melothria pendula,0,2,0,8,10,5,0,0,0,0,0,0.08,0.05
Mentha spicata,1,1,0,106,2,166,4,7,3,148.6142857,1,1.06,1.66
Mikania micrantha,0,0,0,90,7,37,0,0,0,0,0,0.9,0.37
Mimosa bimucronata,0,0,1,102,2,1,0,0,0,0,0,1.02,0.01
Mimosa diplotricha,0,2,0,31,7,11,3,0,0,0,0,0.31,0.11
Mimosa invisa,0,0,0,97,3,12,0,0,0,0,0,0.97,0.12
Mimosa pigra,0,2,0,24,14,43,0,0,0,0,0,0.24,0.43
Mimosa pudica,1,0,1,115,6,95,3,6,3,1663.533333,0,1.15,0.95
Mirabilis jalapa,1,0,0,131,2,214,3,7,1,46.15142857,0,1.31,2.14
Mitracarpus hirtus,0,0,0,43,7,40,0,0,0,0,0,0.43,0.4
Mollugo verticillata,0,1,0,86,14,91,0,0,0,0,0,0.86,0.91
Momordica charantia,1,1,0,117,12,140,3,6,2,295.25,1,1.17,1.4
Moringa oleifera,1,1,2,95,1,65,9,8,4,39.355625,0,0.95,0.65
Muntingia calabura,0,1,2,88,4,49,4,0,0,0,0,0.88,0.49
Myosotis arvensis,0,1,0,10,11,72,1,0,0,0,0,0.1,0.72
Myriophyllum aquaticum,0,0,0,26,3,105,1,0,0,0,3,0.26,1.05
Nasturtium officinale,1,0,0,114,11,198,2,4,1,2726.25,0,1.14,1.98
Neptunia plena,0,2,0,59,7,26,1,0,0,0,0,0.59,0.26
Nicandra physalodes,1,0,0,93,1,188,2,6,1,47.56666667,0,0.93,1.88
Nicotiana alata,0,1,0,91,2,15,2,0,0,0,0,0.91,0.15
Nicotiana plumbaginifolia,0,1,0,86,5,41,0,0,0,0,0,0.86,0.41
Nopalea cochenillifera,1,1,1,104,1,20,5,5,3,23.204,0,1.04,0.2
Nothoscordum gracile,0,2,0,11,5,47,1,0,0,0,0,0.11,0.47
Nymphaea alba,1,1,0,108,9,18,3,1,1,18,5,1.08,0.18
Ochrosia elliptica,0,0,2,92,2,2,3,0,0,0,0,0.92,0.02
Ocimum basilicum,1,0,0,117,7,55,4,7,2,605.0747619,1,1.17,0.55
Oenothera biennis,1,2,0,123,6,131,3,4,1,92.75,0,1.23,1.31
Oenothera curtiflora,0,0,0,92,4,26,0,0,0,0,0,0.92,0.26
Oenothera drummondii,1,0,0,92,3,27,1,2,2,16.04285714,0,0.92,0.27
Oenothera laciniata,0,2,0,99,5,34,0,0,0,0,0,0.99,0.34
Oenothera oakesiana,0,2,0,8,5,18,0,0,0,0,0,0.08,0.18
Oenothera odorata,0,1,0,121,1,1,0,0,0,0,0,1.21,0.01
Oenothera parviflora,0,2,0,71,5,29,0,0,0,0,0,0.71,0.29
Oenothera rosea,1,0,0,86,4,95,1,7,1,395.34,0,0.86,0.95
Oenothera speciosa,0,2,0,45,5,37,1,0,0,0,0,0.45,0.37
Oenothera stricta,1,2,0,105,1,81,4,3,1,211.6666667,0,1.05,0.81
Oenothera tetraptera,0,2,0,87,6,31,0,0,0,0,0,0.87,0.31
Oenothera villosa,0,2,0,63,8,34,2,0,0,0,0,0.63,0.34
Opuntia cochenillifera,0,2,1,38,1,11,4,0,0,0,0,0.38,0.11
Opuntia dillenii,0,0,0,104,5,53,3,0,0,0,0,1.04,0.53
Opuntia ficus-indica,1,0,1,82,1,180,6,7,2,39.57714286,0,0.82,1.8
Opuntia monacantha,0,0,1,110,2,73,3,0,0,0,0,1.1,0.73
Opuntia stricta,0,2,1,112,5,105,2,0,0,0,0,1.12,1.05
Oxalis bowiei,1,2,0,42,1,22,1,6,1,160.9166667,3,0.42,0.22
Oxalis corniculata,1,0,0,271,5,304,2,2,2,42,3,2.71,3.04
Oxalis debilis,0,0,0,169,5,45,0,0,0,0,3,1.69,0.45
Oxalis latifolia,0,0,0,99,7,81,2,0,0,0,3,0.99,0.81
Oxalis pes-caprae,1,1,0,65,1,86,3,5,1,45.8,3,0.65,0.86
Oxalis triangularis,0,0,0,13,3,2,0,0,0,0,3,0.13,0.02
Oxybaphus nyctagineus,0,2,0,12,8,43,0,0,0,0,1,0.12,0.43
Pachyrhizus erosus,1,1,0,115,3,21,5,7,1,4.68952381,0,1.15,0.21
Panicum acuminatum,0,2,0,87,13,10,0,0,0,0,7,0.87,0.1
Panicum dichotomiflorum,0,0,0,114,10,52,0,0,0,0,7,1.14,0.52
Panicum maximum,0,0,0,101,8,230,3,0,0,0,7,1.01,2.3
Papaver nudicaule,0,1,0,161,4,9,2,0,0,0,0,1.61,0.09
Parapholis incurva,0,0,0,68,10,67,0,0,0,0,0,0.68,0.67
Parthenium argentatum,0,2,0,69,2,1,2,0,0,0,0,0.69,0.01
Parthenium hysterophorus,1,0,0,96,7,130,1,3,3,47.33333333,0,0.96,1.3
Parthenocissus quinquefolia,1,2,1,122,7,66,3,6,2,84.86666667,3,1.22,0.66
Paspalidium flavidum,0,1,0,86,7,4,1,0,0,0,0,0.86,0.04
Paspalum conjugatum,0,0,0,105,24,56,1,0,0,0,4,1.05,0.56
Paspalum dilatatum,0,0,0,103,3,177,4,0,0,0,4,1.03,1.77
Paspalum distichum,0,0,0,101,13,71,4,0,0,0,4,1.01,0.71
Paspalum fimbriatum,0,2,0,51,6,12,0,0,0,0,4,0.51,0.12
Paspalum notatum,1,2,0,110,6,52,4,7,1,27.81428571,4,1.1,0.52
Paspalum urvillei,0,2,0,31,3,101,2,0,0,0,4,0.31,1.01
Paspalum virgatum,0,2,0,107,8,7,0,0,0,0,4,1.07,0.07
Passiflora caerulea,0,0,0,111,2,44,3,0,0,0,0,1.11,0.44
Passiflora edulis,1,0,0,100,2,98,4,4,3,21.725,0,1,0.98
Passiflora foetida,1,0,0,169,9,100,2,3,1,1690,0,1.69,1
Passiflora morifolia,0,2,1,18,5,3,2,0,0,0,0,0.18,0.03
Passiflora quadrangularis,1,0,0,71,1,30,2,2,1,10.53333333,0,0.71,0.3
Passiflora suberosa,0,0,0,96,9,98,1,0,0,0,0,0.96,0.98
Pennisetum clandestinum,0,2,0,12,4,83,5,0,0,0,1,0.12,0.83
Pennisetum glaucum,0,1,0,92,4,69,6,0,0,0,1,0.92,0.69
Pennisetum polystachion,0,0,0,61,6,28,0,0,0,0,1,0.61,0.28
Pennisetum purpureum,1,2,0,113,5,123,4,3,2,2.274666667,1,1.13,1.23
Peperomia pellucida,0,0,0,106,15,60,3,0,0,0,1,1.06,0.6
Pereskia aculeata,1,2,1,65,6,26,2,4,3,14.575,0,0.65,0.26
Petiveria alliacea,0,0,1,87,9,6,1,0,0,0,0,0.87,0.06
Phalaris canariensis,0,1,0,123,3,162,4,0,0,0,0,1.23,1.62
Phalaris minor,0,2,0,97,9,141,3,0,0,0,0,0.97,1.41
Phalaris paradoxa,0,2,0,64,7,69,0,0,0,0,0,0.64,0.69
Phaseolus coccineus,1,1,0,116,2,13,3,5,1,60.34,0,1.16,0.13
Phaseolus vulgaris,1,1,0,152,5,44,0,5,1,96.16666667,0,1.52,0.44
Phleum pratense,1,2,0,114,13,133,5,2,1,14.5,1,1.14,1.33
Phyllanthus amarus,0,2,0,94,8,105,1,0,0,0,8,0.94,1.05
Phyllanthus debilis,0,2,0,121,1,20,0,0,0,0,8,1.21,0.2
Phyllanthus niruri,0,2,0,108,8,7,1,0,0,0,8,1.08,0.07
Phyllanthus tenellus,0,2,0,20,5,95,0,0,0,0,8,0.2,0.95
Physalis angulata,0,0,0,146,12,164,1,0,0,0,0,1.46,1.64
Physalis ixocarpa,0,2,0,65,2,33,2,0,0,0,0,0.65,0.33
Physalis lagascae,0,0,0,179,3,10,0,0,0,0,0,1.79,0.1
Physalis peruviana,1,2,0,97,2,126,4,7,1,9.413571429,0,0.97,1.26
Physalis philadelphica,0,0,0,112,2,49,2,0,0,0,0,1.12,0.49
Physalis pubescens,1,2,0,147,11,27,1,3,1,83.03333333,0,1.47,0.27
Phytolacca americana,1,0,0,166,7,72,5,5,3,44.52,2,1.66,0.72
Pilea microphylla,1,0,0,105,8,102,1,6,2,32.47777778,5,1.05,1.02
Piper betle,1,1,0,98,2,3,3,2,1,73,7,0.98,0.03
Pistia stratiotes,1,0,0,109,25,101,3,3,2,8.922222222,0,1.09,1.01
Pithecellobium dulce,0,1,2,100,4,74,9,0,0,0,0,1,0.74
Pittosporum tobira,1,1,1,206,2,19,1,2,2,304,12,2.06,0.19
Plantago aristata,0,2,0,123,3,35,0,0,0,0,2,1.23,0.35
Plantago lanceolata,1,1,0,123,13,249,2,1,1,30,2,1.23,2.49
Plantago virginica,0,0,0,88,6,21,0,0,0,0,2,0.88,0.21
Pleioblastus gramineus,1,1,2,105,1,3,2,1,1,52.66666667,1,1.05,0.03
Pluchea sagittalis,0,0,0,15,3,2,0,0,0,0,0,0.15,0.02
Plumeria rubra,1,1,2,105,2,14,2,4,2,31.1,0,1.05,0.14
Poa annua,1,1,0,166,1,253,1,3,1,31.63333333,15,1.66,2.53
Poa compressa,0,1,0,119,8,95,3,0,0,0,15,1.19,0.95
Poa pratensis,1,1,0,120,23,178,6,4,1,35.45,15,1.2,1.78
Poa trivialis,1,1,0,71,12,100,3,2,1,46.4,15,0.71,1
Polygala paniculata,0,1,0,91,6,31,0,0,0,0,7,0.91,0.31
Polygonum aviculare,1,2,0,191,28,251,1,5,1,13.42,3,1.91,2.51
Portulaca grandiflora,1,1,0,105,1,53,2,2,1,160.5,0,1.05,0.53
Portulaca oleracea,1,1,0,169,14,274,5,7,2,31.365,0,1.69,2.74
Portulaca pilosa,1,0,0,112,10,59,1,2,2,46.25,0,1.12,0.59
Praxelis clematidea,0,0,0,31,3,10,0,0,0,0,0,0.31,0.1
Prunella grandiflora,1,1,0,62,7,2,0,7,2,1279.542857,1,0.62,0.02
Pseudelephantopus spicatus,0,0,0,97,5,34,1,0,0,0,0,0.97,0.34
Psidium guajava,1,2,1,169,7,156,2,5,3,66.076,0,1.69,1.56
Punica granatum,1,1,1,131,4,72,4,6,2,27.18333333,0,1.31,0.72
Pyrostegia venusta,1,1,1,101,6,22,2,5,2,22.76,0,1.01,0.22
Ranunculus arvensis,0,0,0,94,10,39,1,0,0,0,6,0.94,0.39
Ranunculus muricatus,1,0,0,96,10,82,0,1,1,6.5,6,0.96,0.82
Ranunculus sardous,0,2,0,12,7,40,0,0,0,0,6,0.12,0.4
Raphanus raphanistrum,1,2,0,63,9,251,2,4,1,441.745,0,0.63,2.51
Rauvolfia tetraphylla,0,1,1,62,5,15,2,0,0,0,3,0.62,0.15
Reseda lutea,0,0,0,98,10,78,0,0,0,0,0,0.98,0.78
Rhus typhina,0,2,2,97,4,37,1,0,0,0,3,0.97,0.37
Ribes nigrum,1,1,1,94,9,35,3,4,1,30.725,35,0.94,0.35
Ribes uva-crispa,0,1,1,176,8,59,3,0,0,0,35,1.76,0.59
Richardia brasiliensis,0,0,0,64,3,68,0,0,0,0,0,0.64,0.68
Richardia scabra,0,0,0,54,7,55,0,0,0,0,0,0.54,0.55
Ricinus communis,1,0,0,145,1,350,8,7,2,14.72857143,0,1.45,3.5
Rivina humilis,0,2,1,123,11,59,2,0,0,0,0,1.23,0.59
Robinia pseudoacacia,1,0,2,108,3,169,11,8,3,41.03,0,1.08,1.69
Rorippa amphibia,0,0,0,7,10,9,0,0,0,0,4,0.07,0.09
Rosmarinus officinalis,1,1,1,12,5,39,5,5,2,15.476,0,0.12,0.39
Rotala ramosior,0,1,0,86,4,3,0,0,0,0,2,0.86,0.03
Rudbeckia hirta,1,0,0,121,7,47,2,3,1,82.66666667,0,1.21,0.47
Rudbeckia laciniata,1,0,0,106,8,63,2,2,1,72.9,0,1.06,0.63
Ruellia simplex,0,1,0,28,5,31,1,0,0,0,0,0.28,0.31
Ruellia tuberosa,0,0,0,92,3,55,0,0,0,0,0,0.92,0.55
Sagittaria graminea,0,2,0,64,6,1,0,0,0,0,4,0.64,0.01
Salix fragilis,0,1,2,166,18,94,6,0,0,0,50,1.66,0.94
Salvia coccinea,1,2,0,105,7,72,2,1,1,129,11,1.05,0.72
Salvia sclarea,0,2,0,85,7,22,3,0,0,0,11,0.85,0.22
Salvia tiliifolia,0,0,0,42,4,14,0,0,0,0,11,0.42,0.14
Salvinia adnata,0,0,0,16,2,108,0,0,0,0,0,0.16,1.08
Sansevieria trifasciata,1,2,0,104,2,63,2,6,3,13.3,0,1.04,0.63
Sanvitalia procumbens,1,1,0,101,2,5,2,2,1,350,0,1.01,0.05
Saponaria officinalis,1,1,0,110,7,131,4,6,2,846.9533333,0,1.1,1.31
Sclerocarpus africanus,0,1,0,46,8,4,0,0,0,0,0,0.46,0.04
Scoparia dulcis,1,0,0,169,9,72,1,3,2,41.83333333,0,1.69,0.72
Secale cereale,1,0,0,112,5,102,2,6,1,24.07166667,0,1.12,1.02
Sechium edule,1,1,0,89,1,27,3,5,1,364.9028571,0,0.89,0.27
Securigera varia,0,0,0,98,8,83,5,0,0,0,0,0.98,0.83
Sedum mexicanum,0,1,0,19,1,8,3,0,0,0,7,0.19,0.08
Senna alata,0,2,1,86,3,127,3,0,0,0,0,0.86,1.27
Senna bicapsularis,0,0,1,70,4,63,2,0,0,0,0,0.7,0.63
Senna corymbosa,0,0,1,40,2,16,1,0,0,0,0,0.4,0.16
Senna didymobotrya,0,0,1,57,4,50,3,0,0,0,0,0.57,0.5
Senna fruticosa,0,0,1,79,2,15,0,0,0,0,0,0.79,0.15
Senna hirsuta,0,2,0,64,7,60,0,0,0,0,0,0.64,0.6
Senna obtusifolia,0,0,1,105,11,93,1,0,0,0,0,1.05,0.93
Senna occidentalis,0,0,1,169,6,207,5,0,0,0,0,1.69,2.07
Senna siamea,0,1,2,86,2,51,5,0,0,0,0,0.86,0.51
Senna sophera,0,0,1,94,7,23,1,0,0,0,0,0.94,0.23
Senna surattensis,0,1,1,169,4,18,0,0,0,0,0,1.69,0.18
Senna tora,0,1,0,90,5,61,2,0,0,0,0,0.9,0.61
Sesbania cannabina,1,0,0,112,6,11,5,4,1,11.7,2,1.12,0.11
Sesbania grandiflora,0,2,0,97,2,18,8,0,0,0,2,0.97,0.18
Sesbania herbacea,0,0,0,112,1,11,0,0,0,0,2,1.12,0.11
Sesbania sesban,0,2,0,104,14,42,7,0,0,0,2,1.04,0.42
Setaria parviflora,0,2,0,169,13,74,0,0,0,0,5,1.69,0.74
Setaria sphacelata,0,2,0,112,7,71,0,0,0,0,5,1.12,0.71
Sherardia arvensis,0,2,0,94,9,118,0,0,0,0,0,0.94,1.18
Sicyos angulatus,0,2,0,35,5,15,0,0,0,0,0,0.35,0.15
Sida acuta,1,0,0,118,12,78,2,2,1,29.25,1,1.18,0.78
Sida spinosa,0,1,0,271,17,71,0,0,0,0,1,2.71,0.71
Silene armeria,1,1,0,105,5,68,1,3,1,64.66666667,11,1.05,0.68
Silene gallica,1,2,0,115,9,175,1,2,1,4050,11,1.15,1.75
Silene vulgaris,0,0,0,166,15,88,1,0,0,0,11,1.66,0.88
Silphium perfoliatum,0,0,0,76,5,19,3,0,0,0,0,0.76,0.19
Silybum marianum,1,2,0,83,8,156,5,5,1,55.28,0,0.83,1.56
Sinapis alba,1,1,0,65,8,93,2,6,1,25.80666667,0,0.65,0.93
Sinapis arvensis,0,1,0,57,13,146,1,0,0,0,0,0.57,1.46
Sisymbrium altissimum,0,1,0,120,8,138,0,0,0,0,2,1.2,1.38
Sisymbrium irio,0,1,0,114,10,149,0,0,0,0,2,1.14,1.49
Sisymbrium officinale,0,1,0,96,14,195,1,0,0,0,2,0.96,1.95
Sisymbrium orientale,0,1,0,25,9,153,0,0,0,0,2,0.25,1.53
Sisyrinchium micranthum,0,1,0,7,6,28,1,0,0,0,0,0.07,0.28
Solanum aculeatissimum,0,0,0,133,8,14,3,0,0,0,8,1.33,0.14
Solanum americanum,0,0,0,192,10,225,1,0,0,0,8,1.92,2.25
Solanum betaceum,0,1,1,67,2,33,1,0,0,0,8,0.67,0.33
Solanum capsicoides,0,0,0,145,2,41,3,0,0,0,8,1.45,0.41
Solanum carolinense,0,2,0,65,6,20,2,0,0,0,8,0.65,0.2
Solanum chrysotrichum,0,0,1,139,2,10,1,0,0,0,8,1.39,0.1
Solanum diphyllum,0,2,1,256,2,4,1,0,0,0,8,2.56,0.04
Solanum donianum,0,1,1,108,4,2,0,0,0,0,8,1.08,0.02
Solanum elaeagnifolium,0,0,1,5,7,66,1,0,0,0,8,0.05,0.66
Solanum erianthum,0,0,2,165,6,12,1,0,0,0,8,1.65,0.12
Solanum lycopersicum,1,1,0,167,1,95,3,8,2,24.96875,8,1.67,0.95
Solanum pseudocapsicum,1,2,0,123,6,103,2,2,1,16.9,8,1.23,1.03
Solanum rostratum,0,0,0,42,5,64,1,0,0,0,8,0.42,0.64
Solanum sarrachoides,0,2,0,43,3,30,0,0,0,0,8,0.43,0.3
Solanum scabrum,0,2,0,106,7,8,1,0,0,0,8,1.06,0.08
Solanum seaforthianum,0,1,1,87,3,105,2,0,0,0,8,0.87,1.05
Solanum sisymbriifolium,0,2,0,121,3,64,1,0,0,0,8,1.21,0.64
Solanum torvum,1,0,1,128,6,72,2,2,2,36.25,8,1.28,0.72
Solanum viarum,0,2,1,118,2,54,1,0,0,0,8,1.18,0.54
Solidago altissima,0,1,0,89,8,18,0,0,0,0,0,0.89,0.18
Solidago canadensis,1,0,0,108,5,97,3,5,2,51.96,0,1.08,0.97
Soliva anthemifolia,0,0,0,96,2,49,0,0,0,0,0,0.96,0.49
Sonchus arvensis,1,0,0,143,10,71,0,6,2,21.23888889,1,1.43,0.71
Sonchus asper,1,2,0,111,18,249,0,2,1,46.9,1,1.11,2.49
Sonchus oleraceus,1,0,0,166,14,351,1,5,2,330.82,1,1.66,3.51
Sorghum halepense,0,0,0,111,5,258,3,0,0,0,0,1.11,2.58
Spartina alterniflora,0,0,0,90,8,9,3,0,0,0,0,0.9,0.09
Spartina anglica,1,0,0,43,3,18,4,1,1,25,0,0.43,0.18
Spergula arvensis,0,1,0,65,10,219,1,0,0,0,0,0.65,2.19
Spermacoce alata,0,0,0,62,3,25,0,0,0,0,0,0.62,0.25
Spermacoce remota,0,0,0,41,7,38,0,0,0,0,0,0.41,0.38
Sphagneticola trilobata,0,0,0,31,5,79,2,0,0,0,0,0.31,0.79
Stachys arvensis,0,2,0,50,7,99,0,0,0,0,4,0.5,0.99
Stachytarpheta jamaicensis,1,0,0,40,7,108,1,1,1,20,0,0.4,1.08
Stachytarpheta urticifolia,0,0,0,169,7,65,0,0,0,0,0,1.69,0.65
Stellaria media,1,0,0,148,14,279,3,6,1,159.0833333,4,1.48,2.79
Stellaria pallida,0,0,0,73,8,61,0,0,0,0,4,0.73,0.61
Stemodia verticillata,0,0,0,2,7,7,0,0,0,0,0,0.02,0.07
Stylosanthes guianensis,0,2,1,36,6,28,3,0,0,0,0,0.36,0.28
Symphytum officinale,1,2,0,42,9,66,7,6,1,107.2616667,0,0.42,0.66
Synedrella nodiflora,1,0,0,114,7,99,0,3,1,16,0,1.14,0.99
Syzygium jambos,0,1,2,169,4,83,2,0,0,0,5,1.69,0.83
Tagetes erecta,0,2,0,166,3,82,7,0,0,0,0,1.66,0.82
Talinum fruticosum,0,2,0,104,6,17,2,0,0,0,0,1.04,0.17
Talinum paniculatum,1,0,0,98,10,91,2,2,1,52.4,0,0.98,0.91
Tamarindus indica,1,0,2,282,8,70,8,3,1,24.13333333,0,2.82,0.7
Tanacetum parthenifolium,0,0,0,89,4,4,1,0,0,0,1,0.89,0.04
Tanacetum vulgare,1,2,0,146,12,134,7,2,1,99.9,1,1.46,1.34
Tephrosia candida,1,2,1,94,1,26,3,3,1,55.83333333,2,0.94,0.26
Thunbergia alata,1,2,1,169,6,120,1,3,1,30.94666667,3,1.69,1.2
Tinantia erecta,0,0,0,8,7,2,0,0,0,0,0,0.08,0.02
Tithonia diversifolia,1,0,0,101,2,95,1,2,2,53.45,0,1.01,0.95
Tithonia rotundifolia,0,0,0,96,2,43,2,0,0,0,0,0.96,0.43
Torenia fournieri,1,0,0,54,1,10,1,5,2,513.318,0,0.54,0.1
Tradescantia fluminensis,0,0,0,19,2,64,1,0,0,0,0,0.19,0.64
Tradescantia pallida,0,0,0,17,1,26,1,0,0,0,0,0.17,0.26
Tradescantia zebrina,0,0,0,90,1,60,1,0,0,0,0,0.9,0.6
Tribulus cistoides,1,1,0,90,7,43,0,1,1,14.5,1,0.9,0.43
Tridax procumbens,0,0,0,94,6,124,0,0,0,0,0,0.94,1.24
Trifolium dubium,0,1,0,62,8,161,4,0,0,0,0,0.62,1.61
Trifolium fragiferum,1,1,0,91,12,66,1,1,1,2.448,0,0.91,0.66
Trifolium hybridum,0,2,0,96,7,151,5,0,0,0,0,0.96,1.51
Trifolium incarnatum,1,2,0,12,5,103,7,2,1,73.125,0,0.12,1.03
Trifolium pratense,1,0,0,109,11,161,7,5,1,21.42,0,1.09,1.61
Trifolium repens,1,0,0,166,11,227,7,5,1,24.4,0,1.66,2.27
Trigonella foenum-graecum,1,1,0,108,3,16,5,6,2,21.18333333,0,1.08,0.16
Triodanis perfoliata,0,2,0,16,9,4,0,0,0,0,0,0.16,0.04
Tropaeolum majus,1,1,0,121,1,101,3,3,2,516,0,1.21,1.01
Ulex europaeus,0,0,1,160,4,110,5,0,0,0,0,1.6,1.1
Ulmus laevis,1,1,2,63,8,11,2,1,1,1300,17,0.63,0.11
Vaccaria hispanica,0,0,0,166,12,139,3,0,0,0,0,1.66,1.39
Verbena bonariensis,0,2,0,26,3,101,1,0,0,0,1,0.26,1.01
Veronica arvensis,0,0,0,73,11,142,0,0,0,0,48,0.73,1.42
Veronica hederifolia,0,0,0,37,10,56,0,0,0,0,48,0.37,0.56
Veronica peregrina,1,0,0,119,15,82,2,1,1,27.5,48,1.19,0.82
Veronica persica,1,0,0,116,14,240,0,5,2,96.184,48,1.16,2.4
Veronica polita,0,0,0,137,12,64,0,0,0,0,48,1.37,0.64
Vicia sativa,1,2,0,137,16,179,0,4,2,17.005,15,1.37,1.79
Vicia villosa,1,0,0,93,9,122,2,6,1,13.57666667,15,0.93,1.22
Vulpia myuros,1,1,0,89,13,208,3,6,1,246.4333333,0,0.89,2.08
Waltheria indica,1,0,1,179,9,21,2,3,1,40,0,1.79,0.21
Xanthium spinosum,0,0,0,5,1,186,1,0,0,0,0,0.05,1.86
Xanthium strumarium,0,0,0,169,31,170,0,0,0,0,0,1.69,1.7
Zephyranthes candida,1,0,0,93,1,23,1,3,2,0.809666667,0,0.93,0.23
Zephyranthes carinata,1,0,0,26,1,13,1,3,2,82.5,0,0.26,0.13
Zephyranthes minuta,0,0,0,95,1,11,0,0,0,0,0,0.95,0.11
Zinnia elegans,1,0,0,119,1,43,1,7,1,38.11142857,0,1.19,0.43
Zinnia peruviana,1,0,0,98,6,49,0,7,3,58.53142857,0,0.98,0.49
