Species,Sale Availability,invasion_status,Seed,Seed_scaled
Abutilon theophrasti,Selling,Invasive,8.739647368,-0.099170834
Acacia dealbata,Selling,Invasive,11.8495,-0.18161851
Acacia decurrens,Not Selling,Invasive,25.6175,-0.221433024
Acacia farnesiana,Selling,Invasive,75.34560606,0.076600017
Acacia longifolia,Not Selling,Invasive,15.02745547,-0.224888167
Acacia mangium,Selling,Introduced,12.84,-0.225601854
Acacia mearnsii,Not Selling,Invasive,13.10398557,-0.225515725
Acacia senegal,Not Selling,Invasive,77.375,-0.204546451
Acanthospermum australe,Not Selling,Naturalized,11.06,-0.076582275
Acanthospermum hispidum,Not Selling,Invasive,7.41,-0.112114909
Acer negundo,Selling,Introduced,37.82308754,-0.217450789
Achillea millefolium,Selling,Introduced,0.165992369,-0.182635094
Acmella oleracea,Not Selling,Invasive,0.22,-0.182109331
Acmella uliginosa,Not Selling,Naturalized,0.1,-0.183277527
Aeschynomene americana,Not Selling,Invasive,4.244666667,-0.142929329
Agave americana,Selling,Invasive,30.19323671,0.109679178
Agave vivipara,Not Selling,Naturalized,7.35,-0.112699007
Ageratina adenophora,Not Selling,Invasive,0.062,-0.183647456
Ageratum conyzoides,Selling,Invasive,0.12,-0.183082828
Ageratum houstonianum,Selling,Invasive,0.12,-0.183082828
Agrostemma githago,Selling,Invasive,13.88986047,-0.049033673
Agrostis avenacea,Not Selling,Naturalized,0.125375,-0.183030503
Albizia lebbeck,Selling,Invasive,110.3052867,-0.193802507
Alliaria petiolata,Not Selling,Invasive,2.668967742,-0.158268708
Alopecurus myosuroides,Not Selling,Naturalized,1.789967449,-0.166825748
Alyssum alyssoides,Not Selling,Invasive,0.695393939,-0.177481386
Amaranthus albus,Selling,Invasive,0.323788235,-0.181098956
Amaranthus blitoides,Not Selling,Introduced,1.016088889,-0.174359431
Amaranthus blitum,Not Selling,Invasive,0.460211765,-0.179770877
Amaranthus caudatus,Selling,Invasive,0.541333333,-0.178981161
Amaranthus cruentus,Selling,Invasive,0.49,-0.17948089
Amaranthus dubius,Not Selling,Introduced,0.22,-0.182109331
Amaranthus hybridus,Selling,Invasive,0.527363636,-0.179117156
Amaranthus hypochondriacus,Selling,Introduced,0.46,-0.179772939
Amaranthus palmeri,Not Selling,Invasive,0.3007,-0.181323719
Amaranthus retroflexus,Selling,Invasive,0.389538462,-0.18045888
Amaranthus spinosus,Not Selling,Invasive,0.21,-0.182206681
Amaranthus tricolor,Selling,Introduced,0.6,-0.178410043
Amaranthus viridis,Selling,Invasive,0.691111111,-0.177523079
Amberboa moschata,Not Selling,Naturalized,3.1,-0.154072622
Ambrosia artemisiifolia,Not Selling,Invasive,3.468461538,-0.150485661
Ambrosia psilostachya,Not Selling,Invasive,5.407,-0.131614051
Ambrosia trifida,Not Selling,Invasive,11.27942308,-0.074446198
Ammannia coccinea,Not Selling,Invasive,0.124975845,-0.183034388
Ammi majus,Selling,Invasive,0.60778125,-0.178334293
Amorpha fruticosa,Selling,Naturalized,8.291639017,-0.196087203
Anagallis arvensis,Selling,Naturalized,0.463374359,-0.179740089
Annona glabra,Not Selling,Naturalized,215.4929167,-0.159483642
Anthemis arvensis,Not Selling,Introduced,0.676003684,-0.17767015
Anthriscus caucalis,Not Selling,Introduced,1.414766667,-0.170478316
Antigonon leptopus,Not Selling,Introduced,70.5,0.056894474
Arachis hypogaea,Selling,Naturalized,633.0142857,5.978122979
Argemone mexicana,Not Selling,Invasive,1.857142857,-0.166171797
Arrhenatherum elatius,Selling,Invasive,2.766496621,-0.157319267
Artemisia annua,Selling,Naturalized,0.025714286,-0.184000696
Asparagus setaceus,Selling,Naturalized,60.36,0.01565831
Aster subulatus,Not Selling,Invasive,0.64699793,-0.17795252
Atriplex canescens,Not Selling,Invasive,9.840125097,-0.189790001
Atriplex hortensis,Not Selling,Naturalized,4.310055556,-0.14229277
Atriplex nummularia,Not Selling,Invasive,5.544373706,-0.130276722
Atropa bella-donna,Not Selling,Invasive,1.066366667,-0.173869978
Avena fatua,Selling,Invasive,15.26868321,-0.035610877
Avena sterilis,Not Selling,Invasive,23.70363636,0.046503124
Axonopus compressus,Not Selling,Introduced,0.373603458,-0.180614006
Axonopus fissifolius,Not Selling,Invasive,0.3544,-0.180800951
Basella alba,Selling,Invasive,38.72,0.192686948
Begonia cucullata,Not Selling,Invasive,0.01,-0.184153674
Bellis annua,Not Selling,Naturalized,0.04,-0.183861625
Berberis thunbergii,Selling,Naturalized,16.2539299,-0.163707091
Bidens bipinnata,Selling,Invasive,2.55248,-0.159402712
Bidens frondosa,Not Selling,Invasive,5.109976426,-0.134505566
Bidens pilosa,Selling,Invasive,1.599625,-0.168678726
Bixa orellana,Not Selling,Naturalized,26.025,-0.221300072
Boerhavia erecta,Not Selling,Naturalized,1.69,-0.167798928
Borago officinalis,Not Selling,Invasive,16.49357143,-0.023686629
Brachiaria brizantha,Not Selling,Invasive,4.170799172,-0.143648426
Brachiaria eruciformis,Not Selling,Invasive,0.16,-0.182693429
Brachiaria mutica,Not Selling,Invasive,1.065643649,-0.173877017
Brassica juncea,Selling,Naturalized,2.584480109,-0.159091192
Brassica tournefortii,Not Selling,Naturalized,1.406151515,-0.170562184
Bromus arvensis,Not Selling,Introduced,1.975884217,-0.165015854
Bromus catharticus,Not Selling,Invasive,9.067397133,-0.095980201
Bromus pubescens,Not Selling,Naturalized,4.62,-0.139275471
Bromus rigidus,Not Selling,Naturalized,3.33,-0.15183358
Bryophyllum delagoense,Not Selling,Introduced,0.03,-0.183958975
Bryophyllum pinnatum,Selling,Invasive,0.06,-0.183666926
Buchloe dactyloides,Selling,Introduced,6.216,-0.123738461
Bunias orientalis,Not Selling,Invasive,25.46181818,0.063618969
Buphthalmum salicifolium,Not Selling,Naturalized,0.418,-0.180181807
Cabomba caroliniana,Not Selling,Invasive,1.095804971,-0.173583398
Caesalpinia pulcherrima,Selling,Naturalized,181.82,-0.170469879
Cajanus cajan,Selling,Invasive,88.17264493,0.128763517
Calopogonium mucunoides,Not Selling,Invasive,12.01285714,-0.067306241
Calotropis procera,Not Selling,Invasive,11.644,-0.182454214
Calyptocarpus vialis,Not Selling,Invasive,1.39,-0.170719418
Canavalia ensiformis,Not Selling,Naturalized,1183.142857,11.33360718
Canna indica,Selling,Naturalized,190.7,1.67220743
Cannabis sativa,Not Selling,Invasive,18.18571429,-0.007213672
Capsella bursa-pastoris,Selling,Naturalized,0.128265227,-0.183002366
Capsicum annuum,Selling,Naturalized,4.233387097,-0.143039135
Cardamine flexuosa,Not Selling,Invasive,0.12226,-0.183060827
Carica papaya,Selling,Naturalized,24.30171683,-0.221862316
Carthamus tinctorius,Not Selling,Naturalized,35.4625,0.160975289
Cascabela thevetia,Not Selling,Naturalized,1908.16,0.392771528
Catharanthus roseus,Selling,Invasive,1.414285714,-0.170482998
Celosia argentea,Selling,Invasive,0.661176471,-0.177814492
Cenchrus echinatus,Not Selling,Invasive,17.2,-0.016809569
Cenchrus spinifex,Not Selling,Invasive,7.331266667,-0.112881376
Centaurea diffusa,Not Selling,Introduced,3.075714286,-0.154309043
Centipeda minima,Not Selling,Naturalized,0.02,-0.184056325
Centrosema pubescens,Not Selling,Invasive,29.98428571,0.107645047
Cerastium fontanum,Not Selling,Naturalized,0.129675439,-0.182988638
Cerastium glomeratum,Not Selling,Invasive,0.059826944,-0.183668611
Cereus repandus,Not Selling,Naturalized,3.28,-0.216467949
Chamaecrista mimosoides,Not Selling,Introduced,2.502857143,-0.219628343
Chenopodium album,Not Selling,Naturalized,0.729057015,-0.177153677
Chenopodium giganteum,Not Selling,Introduced,0.72,-0.177241847
Chenopodium hybridum,Not Selling,Invasive,1.342072222,-0.171185994
Chloris barbata,Not Selling,Introduced,0.21,-0.182206681
Chloris gayana,Not Selling,Invasive,0.357102534,-0.180774642
Chloris virgata,Selling,Naturalized,0.178285714,-0.182515418
Chromolaena odorata,Not Selling,Invasive,1.430625,-0.170323935
Cichorium intybus,Selling,Introduced,2.159448097,-0.163228865
Cinchona calisaya,Not Selling,Naturalized,0.3,-0.229693196
Cinchona officinalis,Not Selling,Naturalized,0.42,-0.228098663
Clarkia pulchella,Selling,Introduced,0.216664387,-0.182141803
Clidemia hirta,Not Selling,Introduced,0.03,-0.229684669
Clitoria ternatea,Selling,Introduced,46.9125,0.272440676
Codiaeum variegatum,Selling,Naturalized,29,-0.111872866
Conium maculatum,Not Selling,Invasive,2.763804545,-0.157345475
Conyza sumatrensis,Not Selling,Invasive,0.042333333,-0.183838911
Corchorus olitorius,Not Selling,Invasive,1.65125,-0.168176158
Cordyline fruticosa,Selling,Naturalized,9.746652863,-0.089367668
Coreopsis basalis,Not Selling,Invasive,1.081052632,-0.173727011
Coreopsis grandiflora,Selling,Introduced,2.157142857,-0.163251307
Coreopsis lanceolata,Selling,Invasive,1.106976123,-0.173474647
Coreopsis tinctoria,Selling,Invasive,0.266061637,-0.181660923
Coriandrum sativum,Selling,Naturalized,11.95,-0.067918153
Cosmos bipinnatus,Selling,Invasive,8.298125,-0.10346904
Cosmos sulphureus,Not Selling,Invasive,6.875,-0.117323117
Cota tinctoria,Not Selling,Naturalized,0.51,-0.17928619
Crassocephalum crepidioides,Selling,Invasive,0.230909091,-0.182003131
Crepis tectorum,Not Selling,Invasive,0.222,-0.182089861
Crotalaria incana,Selling,Introduced,7.161111111,-0.114537835
Crotalaria juncea,Not Selling,Introduced,32.83103865,0.135358096
Crotalaria lanceolata,Not Selling,Introduced,2.769285714,-0.157292116
Crotalaria micans,Not Selling,Introduced,23.06666667,-0.136001851
Crotalaria ochroleuca,Not Selling,Introduced,4.688888889,-0.138604839
Crotalaria trichotoma,Not Selling,Introduced,3.835652174,-0.146911072
Croton hirtus,Not Selling,Invasive,4.27,-0.14268271
Cucumis melo,Selling,Naturalized,14.59808767,-0.042139103
Cuphea carthagenensis,Not Selling,Invasive,0.7,-0.177436546
Cuscuta approximata,Not Selling,Invasive,0.33,-0.181038485
Cuscuta campestris,Not Selling,Invasive,0.81,-0.1763657
Cuscuta epilinum,Not Selling,Invasive,0.59675,-0.178441682
Cyanthillium cinereum,Not Selling,Naturalized,0.171729675,-0.182579241
Cyanus segetum,Selling,Introduced,5.141963333,-0.134194174
Cyclospermum leptophyllum,Not Selling,Invasive,0.25,-0.181817282
Cymbalaria muralis,Not Selling,Introduced,0.164857143,-0.182646145
Cynosurus cristatus,Not Selling,Naturalized,0.502259574,-0.179361543
Cyperus esculentus,Not Selling,Invasive,0.15,-0.182790779
Cyperus rotundus,Selling,Invasive,0.221615385,-0.182093605
Cyperus surinamensis,Not Selling,Introduced,0.02,-0.184056325
Dactylis glomerata,Selling,Naturalized,0.832843365,-0.17614332
Dahlia pinnata,Selling,Naturalized,9.090769231,-0.095752674
Dalbergia sissoo,Not Selling,Naturalized,44.00454545,-0.215434006
Datura inoxia,Not Selling,Introduced,26.02083333,-0.123988192
Datura metel,Selling,Invasive,11.66,-0.070741294
Datura stramonium,Selling,Invasive,9.510520799,-0.091666406
Daucus carota,Not Selling,Invasive,1.114386709,-0.173402505
Desmanthus virgatus,Selling,Invasive,4.515414974,-0.140293603
Desmodium intortum,Not Selling,Naturalized,1.332054561,-0.171283515
Desmodium scorpiurus,Not Selling,Naturalized,2.31,-0.161763247
Desmodium tortuosum,Not Selling,Introduced,2.665908686,-0.158298488
Deutzia crenata,Selling,Naturalized,0.17,-0.229115333
Dianthus sylvestris,Not Selling,Naturalized,0.433714286,-0.180028829
Dichanthium annulatum,Not Selling,Naturalized,0.398686522,-0.180369824
Dieffenbachia seguine,Not Selling,Naturalized,179,1.558308301
Digitalis purpurea,Selling,Naturalized,0.083830039,-0.183434941
Digitaria ciliaris,Not Selling,Naturalized,0.558612319,-0.178812951
Dinebra retroflexa,Not Selling,Introduced,2.2,-0.162834094
Diodella teres,Not Selling,Invasive,6.409606061,-0.121853712
Diplotaxis muralis,Not Selling,Introduced,0.233411765,-0.181978768
Dolichandra unguis-cati,Not Selling,Invasive,63.05285714,0.429566541
Duranta erecta,Not Selling,Naturalized,240.4125,0.74787473
Dysphania ambrosioides,Not Selling,Invasive,0.319325,-0.181142405
Dysphania pumilio,Not Selling,Invasive,0.057,-0.183696131
Echinochloa crus-galli,Not Selling,Naturalized,1.630833333,-0.168374913
Echinocystis lobata,Not Selling,Introduced,237.452,2.127336668
Eclipta prostrata,Selling,Naturalized,0.887425699,-0.175611963
Elaeis guineensis,Not Selling,Naturalized,1908.25,7.530440948
Eleusine coracana,Not Selling,Naturalized,2.258,-0.162269466
Eragrostis ciliaris,Not Selling,Naturalized,0.02,-0.184056325
Eragrostis curvula,Not Selling,Invasive,0.201196311,-0.182292384
Erechtites hieraciifolius,Not Selling,Introduced,0.3484,-0.180859361
Erigeron annuus,Selling,Invasive,0.040909091,-0.183852775
Erigeron bonariensis,Not Selling,Invasive,0.103381818,-0.183244605
Erigeron canadensis,Not Selling,Invasive,0.062187731,-0.183645629
Erigeron karvinskianus,Not Selling,Naturalized,0.049090909,-0.183773126
Erigeron philadelphicus,Not Selling,Invasive,0.049633289,-0.183767846
Erigeron speciosus,Not Selling,Introduced,0.188444444,-0.182416523
Erigeron strigosus,Not Selling,Invasive,0.061191441,-0.183655327
Erigeron sumatrensis,Not Selling,Invasive,0.035384615,-0.183906556
Erodium moschatum,Not Selling,Naturalized,2.6089975,-0.158852516
Erysimum repandum,Not Selling,Invasive,0.24,-0.181914632
Eschscholzia californica,Selling,Naturalized,1.476758178,-0.16987483
Eucalyptus exserta,Selling,Invasive,2.99936803,-0.228812491
Eucalyptus globulus,Selling,Invasive,13.35912957,-0.225432481
Eucalyptus robusta,Selling,Invasive,3.31518159,-0.228709453
Eupatorium cannabinum,Not Selling,Invasive,0.437081818,-0.179996047
Euphorbia cyathophora,Not Selling,Invasive,6.37,-0.122239276
Euphorbia dentata,Not Selling,Invasive,4.877666667,-0.136767094
Euphorbia heterophylla,Not Selling,Invasive,6.3225,-0.122701687
Euphorbia hirta,Selling,Invasive,0.08,-0.183472227
Euphorbia hypericifolia,Not Selling,Invasive,0.39,-0.180454387
Euphorbia hyssopifolia,Not Selling,Invasive,1.48,-0.169843271
Euphorbia lathyris,Selling,Naturalized,32.91388889,0.136164641
Euphorbia maculata,Selling,Invasive,0.220666667,-0.182102841
Euphorbia marginata,Selling,Introduced,10.77375,-0.079368909
Euphorbia nutans,Not Selling,Introduced,0.338117647,-0.18095946
Euphorbia peplus,Not Selling,Invasive,0.553,-0.178867587
Euphorbia serpens,Not Selling,Invasive,0.27,-0.181622583
Euphorbia tirucalli,Selling,Invasive,14.9,-0.039199997
Fallopia scandens,Not Selling,Introduced,14.01,-0.047864118
Festuca arundinacea,Selling,Invasive,2.151659184,-0.16330469
Festuca rubra,Selling,Invasive,0.933965591,-0.175158899
Flaveria bidentis,Not Selling,Invasive,0.21,-0.182206681
Foeniculum vulgare,Selling,Naturalized,13.57140625,-0.052133815
Gaillardia aristata,Selling,Invasive,12.32865551,-0.064231954
Gaillardia pulchella,Selling,Invasive,1.761452295,-0.167103342
Galinsoga parviflora,Selling,Invasive,0.220181818,-0.182107561
Galinsoga quadriradiata,Not Selling,Invasive,0.2408,-0.181906844
Galium aparine,Not Selling,Introduced,9.144727394,-0.095227393
Gaura biennis,Not Selling,Naturalized,8.1,-0.105397781
Gaura mollis,Not Selling,Invasive,9.198,-0.094708786
Geranium carolinianum,Selling,Invasive,2.631818182,-0.158630358
Geranium molle,Not Selling,Naturalized,1.112105263,-0.173424715
Glebionis coronaria,Not Selling,Invasive,1.676,-0.167935217
Gliricidia sepium,Not Selling,Introduced,145.5941176,-0.182289056
Glyceria maxima,Not Selling,Introduced,0.431,-0.180055253
Gnaphalium purpureum,Not Selling,Naturalized,0.037571429,-0.183885267
Gomphrena celosioides,Not Selling,Introduced,2.9,-0.156019616
Gomphrena globosa,Selling,Naturalized,5.05,-0.135089434
Grindelia squarrosa,Not Selling,Introduced,0.9,-0.175489553
Helenium autumnale,Not Selling,Introduced,0.425465226,-0.180109134
Helenium bigelovii,Not Selling,Invasive,0.926,-0.175236444
Helianthus annuus,Not Selling,Naturalized,45.31770368,0.256915384
Helianthus laetiflorus,Not Selling,Naturalized,3.96675,-0.145634839
Helianthus petiolaris,Not Selling,Naturalized,3.013333333,-0.15491632
Helianthus tuberosus,Selling,Naturalized,4.112213734,-0.144218754
Heliotropium ellipticum,Not Selling,Invasive,0.766666667,-0.176787548
Heliotropium europaeum,Selling,Invasive,1.025,-0.174272682
Heliotropium indicum,Not Selling,Naturalized,3.84,-0.146868746
Herissantia crispa,Not Selling,Invasive,3.517142857,-0.15001175
Hesperis matronalis,Selling,Naturalized,2.408712075,-0.160802288
Hibiscus trionum,Not Selling,Invasive,4.194222222,-0.143420404
Hippobroma longiflora,Not Selling,Invasive,0.07,-0.183569576
Holcus lanatus,Selling,Introduced,0.355681452,-0.180788477
Hordeum bulbosum,Not Selling,Naturalized,7.644375,-0.109833276
Hordeum jubatum,Selling,Invasive,2.208,-0.162756214
Hydrocotyle verticillata,Not Selling,Invasive,1.912217452,-0.165635648
Hydrocotyle vulgaris,Not Selling,Naturalized,0.412,-0.180240217
Hypochaeris radicata,Not Selling,Naturalized,0.78389769,-0.176619805
Hyptis capitata,Not Selling,Invasive,0.407692308,-0.180282152
Hyptis pectinata,Not Selling,Introduced,0.06,-0.183666926
Hyptis suaveolens,Selling,Invasive,4.353846154,-0.14186647
Impatiens balsamina,Selling,Invasive,8.616666667,-0.100368047
Impatiens walleriana,Selling,Introduced,0.52,-0.179188841
Indigofera suffruticosa,Selling,Introduced,3.044166667,-0.217427009
Ipomoea carnea,Not Selling,Invasive,79.2,0.586758465
Ipomoea cordatotriloba,Not Selling,Introduced,15.03,-0.037934451
Ipomoea eriocarpa,Not Selling,Naturalized,8.5,-0.101503794
Ipomoea mauritiana,Not Selling,Invasive,47.53,0.278452019
Ipomoea nil,Selling,Invasive,34.755,0.154087799
Ipomoea purpurea,Selling,Invasive,30.48571429,0.112526438
Ipomoea quamoclit,Not Selling,Invasive,23.08461538,0.040476975
Ipomoea triloba,Selling,Invasive,13.425,-0.053559075
Ipomoea turbinata,Not Selling,Naturalized,148.23,1.258763327
Iva xanthiifolia,Not Selling,Invasive,0.7,-0.177436546
Jacquemontia tamnifolia,Not Selling,Invasive,4.252857143,-0.142849595
Jatropha curcas,Selling,Introduced,493.0666667,-0.068921511
Kickxia elatine,Not Selling,Introduced,0.364210526,-0.180705446
Lablab purpureus,Selling,Naturalized,218.0868321,1.938817372
Lactuca sativa,Selling,Naturalized,1.011,-0.174408971
Lactuca serriola,Selling,Invasive,0.475955556,-0.179617612
Lamium purpureum,Not Selling,Naturalized,0.799739436,-0.176465586
Lantana camara,Selling,Invasive,10.15666667,-0.188502727
Lepidium bonariense,Not Selling,Invasive,0.2328,-0.181984724
Lepidium campestre,Not Selling,Invasive,2.125590909,-0.163558464
Lepidium densiflorum,Not Selling,Introduced,0.544947368,-0.178945979
Lepidium didymum,Not Selling,Invasive,0.525363333,-0.179136629
Lepidium virginicum,Selling,Invasive,0.5666,-0.178735191
Leucaena leucocephala,Selling,Invasive,42.74134162,-0.055991187
Leucanthemum vulgare,Not Selling,Invasive,0.444934678,-0.179919599
Lindernia dubia,Not Selling,Naturalized,0.01,-0.184153674
Linum striatum,Not Selling,Naturalized,0.561832528,-0.178781602
Linum usitatissimum,Selling,Naturalized,5.610384615,-0.129634108
Lobularia maritima,Selling,Naturalized,0.318038809,-0.181154926
Lolium multiflorum,Not Selling,Introduced,2.932693878,-0.155701342
Lolium perenne,Selling,Introduced,1.87850606,-0.165963827
Lolium persicum,Not Selling,Invasive,8.65,-0.100043548
Lolium rigidum,Not Selling,Naturalized,2.528358241,-0.159637537
Lolium temulentum,Not Selling,Invasive,8.133333333,-0.105073282
Lotus corniculatus,Selling,Naturalized,1.25555406,-0.172028245
Ludwigia hyssopifolia,Selling,Naturalized,0.12,-0.183082828
Ludwigia leptocarpa,Not Selling,Introduced,0.06,-0.183666926
Macroptilium atropurpureum,Not Selling,Introduced,14,-0.047961468
Macroptilium lathyroides,Selling,Introduced,7.03,-0.115814197
Macrotyloma uniflorum,Not Selling,Naturalized,30.6,0.113639006
Malachra capitata,Not Selling,Naturalized,3.7,-0.148231641
Malvastrum americanum,Not Selling,Introduced,1.701928571,-0.167682803
Malvastrum coromandelianum,Selling,Invasive,1.374545455,-0.224216829
Mangifera indica,Selling,Naturalized,17904.43333,5.611768653
Manihot esculenta,Selling,Naturalized,114,0.23379518
Martynia annua,Not Selling,Introduced,1241.1,11.89781813
Matricaria matricarioides,Not Selling,Naturalized,0.09,-0.183374877
Medicago minima,Not Selling,Introduced,1.105429268,-0.173489705
Medicago polymorpha,Not Selling,Invasive,4.463224438,-0.140801676
Medicago sativa,Selling,Invasive,2.240824502,-0.162436669
Melilotus officinalis,Selling,Invasive,2.711014376,-0.157859385
Melinis minutiflora,Selling,Introduced,0.11,-0.183180178
Melinis repens,Not Selling,Invasive,0.3745,-0.180605279
Mikania micrantha,Not Selling,Invasive,0.09,-0.183374877
Mimosa bimucronata,Not Selling,Invasive,18.59,-0.154207034
Mimosa invisa,Not Selling,Invasive,5.43,-0.131390146
Mimosa pigra,Not Selling,Introduced,17.56666667,-0.013240081
Mimosa pudica,Selling,Invasive,5.34,-0.208090583
Mirabilis jalapa,Selling,Invasive,52.15714286,0.323497108
Mitracarpus hirtus,Not Selling,Invasive,0.12,-0.183082828
Mollugo verticillata,Not Selling,Naturalized,0.073882455,-0.183531781
Momordica charantia,Selling,Naturalized,67.77785714,0.475564266
Moringa oleifera,Selling,Naturalized,242.5,-0.150672221
Muntingia calabura,Not Selling,Naturalized,0.246646957,-0.229710603
Myosotis arvensis,Not Selling,Naturalized,0.434282609,-0.180023297
Nasturtium officinale,Selling,Invasive,0.253275,-0.1817854
Neonotonia wightii,Not Selling,Naturalized,6.159824463,-0.124285328
Neptunia plena,Not Selling,Introduced,7.6,-0.110265265
Nicandra physalodes,Selling,Invasive,0.89034,-0.175583592
Nicotiana alata,Not Selling,Naturalized,0.097857143,-0.183298388
Nymphaea alba,Selling,Naturalized,1.94,-0.165365186
Ocimum basilicum,Selling,Invasive,1.2,-0.172569062
Oenothera biennis,Selling,Introduced,0.396568791,-0.18039044
Oenothera drummondii,Selling,Invasive,0.233333333,-0.181979532
Oenothera glazioviana,Selling,Invasive,0.60128,-0.178397582
Oenothera laciniata,Not Selling,Introduced,0.402857143,-0.180329223
Oenothera odorata,Not Selling,Naturalized,0.38,-0.180551736
Oenothera parviflora,Not Selling,Introduced,0.579809524,-0.178606597
Oenothera rosea,Selling,Invasive,0.07,-0.183569576
Oenothera speciosa,Not Selling,Introduced,0.09,-0.183374877
Oenothera stricta,Selling,Introduced,0.4,-0.180357037
Oenothera tetraptera,Not Selling,Introduced,16.8,-0.020703557
Oenothera villosa,Not Selling,Introduced,0.42,-0.180162337
Opuntia ficus-indica,Selling,Invasive,20.45289855,-0.146631217
Opuntia monacantha,Not Selling,Invasive,24.15,-0.131596278
Opuntia stricta,Not Selling,Introduced,21.92,-0.14066498
Oxalis corniculata,Selling,Invasive,0.256956708,-0.181749559
Oxybaphus nyctagineus,Not Selling,Introduced,5.613636364,-0.129602452
Pachyrhizus erosus,Selling,Naturalized,522.1428571,4.898793136
Panicum acuminatum,Not Selling,Introduced,0.286896199,-0.181458099
Panicum dichotomiflorum,Not Selling,Invasive,0.597169181,-0.178437601
Panicum maximum,Not Selling,Invasive,0.858807105,-0.175890564
Papaver nudicaule,Not Selling,Naturalized,0.1,-0.183277527
Parapholis incurva,Not Selling,Invasive,2.396,-0.16092604
Parthenium argentatum,Not Selling,Introduced,0.4,-0.180357037
Parthenium hysterophorus,Selling,Invasive,0.5625,-0.178775104
Parthenocissus quinquefolia,Selling,Introduced,27.04842864,-0.119809287
Paspalum conjugatum,Not Selling,Invasive,0.59799931,-0.17842952
Paspalum dilatatum,Not Selling,Invasive,1.468507099,-0.169955154
Paspalum distichum,Not Selling,Invasive,1.60053264,-0.16866989
Paspalum notatum,Selling,Introduced,3.07,-0.154364671
Paspalum paniculatum,Not Selling,Introduced,0.24,-0.181914632
Paspalum plicatulum,Not Selling,Introduced,1.58943189,-0.168777955
Paspalum urvillei,Not Selling,Introduced,0.84,-0.176073651
Paspalum virgatum,Not Selling,Introduced,1.485,-0.169794596
Passiflora edulis,Selling,Invasive,14.64053333,-0.041725896
Passiflora foetida,Selling,Invasive,8.6865,-0.099688222
Pennisetum clandestinum,Not Selling,Introduced,2.18,-0.163028793
Pennisetum glaucum,Not Selling,Naturalized,4.877069197,-0.13677291
Pennisetum polystachion,Not Selling,Invasive,0.263333333,-0.181687483
Pennisetum purpureum,Selling,Introduced,0.504607497,-0.179338686
Persicaria pensylvanica,Not Selling,Naturalized,4.412363245,-0.141296808
Petiveria alliacea,Not Selling,Invasive,13.54,-0.174743783
Petunia hybrida,Not Selling,Naturalized,0.121538462,-0.183067851
Phalaris canariensis,Not Selling,Naturalized,4.676428571,-0.13872614
Phalaris minor,Not Selling,Introduced,1.585555556,-0.168815691
Phalaris paradoxa,Not Selling,Introduced,2.6528,-0.1584261
Phaseolus coccineus,Selling,Naturalized,1046.56,10.0039774
Phaseolus vulgaris,Selling,Naturalized,309.743686,2.831093939
Phleum pratense,Selling,Introduced,0.40869491,-0.180272392
Phyllanthus amarus,Not Selling,Introduced,0.1,-0.183277527
Physalis angulata,Not Selling,Invasive,0.56,-0.178799442
Physalis ixocarpa,Not Selling,Introduced,1.61,-0.168577725
Physalis lagascae,Not Selling,Invasive,0.82,-0.17626835
Physalis peruviana,Selling,Introduced,0.85,-0.175976301
Physalis philadelphica,Not Selling,Invasive,1.52,-0.169453872
Physalis pubescens,Selling,Introduced,0.85,-0.175976301
Phytolacca americana,Selling,Invasive,6.286349731,-0.123053609
Pistia stratiotes,Selling,Invasive,1.55,-0.169161823
Pithecellobium dulce,Not Selling,Naturalized,87.19270833,-0.201343293
Pittosporum tobira,Selling,Naturalized,35.65,-0.084829424
Plantago aristata,Not Selling,Introduced,1.5,-0.169648572
Plantago indica,Not Selling,Naturalized,1.07848718,-0.173751986
Plantago lanceolata,Selling,Naturalized,1.516647352,-0.16948651
Plantago virginica,Not Selling,Invasive,0.487698246,-0.179503297
Pluchea carolinensis,Not Selling,Invasive,0.02,-0.229725336
Plumeria rubra,Selling,Naturalized,36.73,-0.217807423
Poa annua,Selling,Naturalized,0.256613131,-0.181752903
Poa compressa,Not Selling,Naturalized,0.214968434,-0.182158313
Poa pratensis,Selling,Naturalized,0.255555336,-0.181763201
Poa trivialis,Selling,Naturalized,0.1747357,-0.182549978
Polygonum aviculare,Selling,Introduced,1.376289474,-0.17085289
Porophyllum ruderale,Not Selling,Invasive,1.13,-0.17325051
Portulaca grandiflora,Selling,Naturalized,0.1128,-0.18315292
Portulaca oleracea,Selling,Naturalized,0.204740321,-0.182257884
Portulaca pilosa,Selling,Invasive,0.04,-0.183861625
Prunella grandiflora,Selling,Naturalized,1.203818182,-0.172531892
Psidium guajava,Selling,Introduced,9.449278854,-0.191379449
Punica granatum,Selling,Naturalized,25.0539877,-0.127920046
Ranunculus arvensis,Not Selling,Invasive,12.42204444,-0.063322815
Ranunculus marginatus,Not Selling,Invasive,3.73,-0.147939592
Ranunculus muricatus,Selling,Invasive,11.589,-0.071432477
Ranunculus sardous,Not Selling,Introduced,1.389514286,-0.170724147
Raphanus raphanistrum,Selling,Introduced,17.43081538,-0.014562589
Rapistrum rugosum,Not Selling,Invasive,1.785473684,-0.166869494
Rauvolfia tetraphylla,Not Selling,Naturalized,16.34,-0.163357071
Reseda lutea,Not Selling,Invasive,0.721148387,-0.177230667
Rhus typhina,Not Selling,Introduced,9.332882257,-0.226746098
Ribes nigrum,Selling,Naturalized,57.33236667,0.003345885
Ribes uva-crispa,Not Selling,Naturalized,4.9036,-0.209865283
Richardia brasiliensis,Not Selling,Invasive,1.07,-0.173834608
Richardia scabra,Not Selling,Invasive,1.5,-0.169648572
Ricinus communis,Selling,Invasive,344.5916667,3.170337927
Rivina humilis,Not Selling,Introduced,3.8,-0.214353274
Robinia pseudoacacia,Selling,Invasive,18.88493691,-0.223629613
Rollinia mucosa,Not Selling,Naturalized,193,-0.166822255
Rorippa amphibia,Not Selling,Invasive,0.865571429,-0.175824714
Rorippa austriaca,Not Selling,Naturalized,0.046,-0.183803216
Rosmarinus officinalis,Selling,Naturalized,1.119404235,-0.225254407
Rotala ramosior,Not Selling,Naturalized,0.011,-0.18414394
Rudbeckia hirta,Selling,Invasive,1.668585399,-0.168007398
Rudbeckia laciniata,Selling,Invasive,2.562894969,-0.159301323
Salix fragilis,Not Selling,Naturalized,0.136186904,-0.229746642
Salvia coccinea,Selling,Introduced,0.876666667,-0.175716702
Salvia sclarea,Not Selling,Introduced,2.55,-0.159426855
Salvia tiliifolia,Not Selling,Invasive,0.42,-0.180162337
Sanvitalia procumbens,Selling,Naturalized,0.49,-0.17948089
Saponaria officinalis,Selling,Naturalized,1.58512108,-0.168819921
Sclerocarpus africanus,Not Selling,Naturalized,12.875,-0.058913307
Scoparia dulcis,Selling,Invasive,0.01,-0.184153674
Secale cereale,Selling,Invasive,28.69525574,0.095096381
Securigera varia,Not Selling,Invasive,3.881243902,-0.146467238
Senecio inaequidens,Not Selling,Naturalized,0.245758824,-0.18185857
Senna alata,Not Selling,Introduced,44,-0.050872622
Senna bicapsularis,Not Selling,Invasive,27.94,-0.116183549
Senna corymbosa,Not Selling,Invasive,26.2,-0.123259578
Senna didymobotrya,Not Selling,Invasive,51.34444444,-0.021005096
Senna fruticosa,Not Selling,Invasive,57.725,0.0049426
Senna hirsuta,Not Selling,Introduced,6.498888889,-0.120984547
Senna obtusifolia,Not Selling,Invasive,26.12222222,-0.123575875
Senna occidentalis,Not Selling,Invasive,17.65333333,-0.158016161
Senna siamea,Not Selling,Naturalized,24.63,-0.221755209
Senna sophera,Not Selling,Invasive,12.72,-0.178078463
Senna surattensis,Not Selling,Naturalized,8.08,-0.196947872
Senna tora,Not Selling,Naturalized,16.43636364,-0.024243545
Sesbania cannabina,Selling,Invasive,12.77022064,-0.059933331
Sesbania grandiflora,Not Selling,Introduced,65.20557199,0.450523152
Sesbania herbacea,Not Selling,Invasive,12.30709677,-0.064441827
Sesbania sesban,Not Selling,Introduced,13.03461538,-0.057359457
Setaria parviflora,Not Selling,Introduced,1.53,-0.169356523
Setaria sphacelata,Not Selling,Introduced,0.756923077,-0.176882402
Sherardia arvensis,Not Selling,Introduced,1.6728765,-0.167965624
Sicyos angulatus,Not Selling,Introduced,93,0.721101027
Sida acuta,Selling,Invasive,2.411111111,-0.160778934
Sida spinosa,Not Selling,Naturalized,2.575,-0.159183481
Silene armeria,Selling,Naturalized,0.133745455,-0.182949016
Silene gallica,Selling,Introduced,0.351739677,-0.18082685
Silene vulgaris,Not Selling,Invasive,1.033097052,-0.174193857
Silphium perfoliatum,Not Selling,Invasive,6.85,-0.117566491
Silybum marianum,Selling,Introduced,21.77416667,0.027719798
Sinapis alba,Selling,Naturalized,4.938315152,-0.136176683
Sinapis arvensis,Not Selling,Naturalized,2.310951282,-0.161753987
Sisymbrium altissimum,Not Selling,Naturalized,0.188696429,-0.18241407
Sisymbrium irio,Not Selling,Naturalized,0.10505,-0.183228366
Sisymbrium officinale,Not Selling,Naturalized,0.27705,-0.181553951
Sisymbrium orientale,Not Selling,Naturalized,0.249777778,-0.181819445
Sisyrinchium atlanticum,Not Selling,Naturalized,0.5,-0.17938354
Sisyrinchium micranthum,Not Selling,Naturalized,0.57,-0.178702092
Smallanthus uvedalia,Not Selling,Invasive,10.1,-0.085927844
Solanum aculeatissimum,Not Selling,Invasive,2.59,-0.159037456
Solanum americanum,Not Selling,Invasive,1.094212727,-0.173598898
Solanum capsicoides,Not Selling,Invasive,3.1,-0.154072622
Solanum carolinense,Not Selling,Introduced,2.44,-0.160497702
Solanum elaeagnifolium,Not Selling,Invasive,4.9,-0.209879923
Solanum erianthum,Not Selling,Invasive,0.685555556,-0.229567403
Solanum mauritianum,Not Selling,Introduced,1.02,-0.225658653
Solanum pseudocapsicum,Selling,Introduced,3,-0.155046119
Solanum rostratum,Not Selling,Invasive,3.284,-0.152281388
Solanum scabrum,Not Selling,Introduced,0.742857143,-0.177019333
Solanum seaforthianum,Not Selling,Naturalized,1.98,-0.221754637
Solanum sisymbriifolium,Not Selling,Introduced,2.65,-0.158453358
Solanum torvum,Selling,Invasive,1.06,-0.225495985
Solanum triflorum,Not Selling,Introduced,0.98825,-0.174630442
Solanum viarum,Not Selling,Introduced,2.51,-0.219599295
Solidago canadensis,Selling,Invasive,2.369894276,-0.161180179
Soliva sessilis,Not Selling,Invasive,0.956125,-0.174943178
Sonchus arvensis,Selling,Invasive,0.722934783,-0.177213277
Sonchus asper,Selling,Introduced,0.278436882,-0.18154045
Sonchus oleraceus,Selling,Invasive,0.297958333,-0.181350409
Sorghum halepense,Not Selling,Invasive,3.659914009,-0.148621877
Spartina alterniflora,Not Selling,Invasive,22.64492754,0.036196628
Spartina anglica,Selling,Invasive,12.1,-0.066457908
Spartina patens,Not Selling,Introduced,4.117259552,-0.144169633
Spergula arvensis,Not Selling,Naturalized,0.422245455,-0.180140478
Spilanthes acmella,Not Selling,Naturalized,3.3,-0.152125629
Sporobolus pyramidatus,Not Selling,Introduced,0.08,-0.183472227
Stachys arvensis,Not Selling,Introduced,0.7244,-0.177199013
Stachytarpheta jamaicensis,Selling,Invasive,2.36,-0.161276499
Stellaria media,Selling,Invasive,0.371136735,-0.18063802
Stellaria pallida,Not Selling,Invasive,0.124866667,-0.183035451
Stylosanthes guianensis,Not Selling,Introduced,2.73125,-0.218699542
Symphytum officinale,Selling,Introduced,9.49288,-0.091838138
Synedrella nodiflora,Selling,Invasive,0.64,-0.178020644
Syzygium jambos,Not Selling,Naturalized,1294.45125,0.192540878
Tacca leontopetaloides,Not Selling,Naturalized,17.148,-0.017315788
Tagetes erecta,Not Selling,Introduced,3.4,-0.151152132
Tagetes minuta,Not Selling,Invasive,1.18,-0.172763762
Talinum fruticosum,Not Selling,Introduced,0.17,-0.18259608
Talinum paniculatum,Selling,Invasive,0.26,-0.181719932
Tamarindus indica,Selling,Invasive,716.9314888,0.004117368
Tanacetum parthenifolium,Not Selling,Invasive,0.64,-0.178020644
Tanacetum vulgare,Selling,Introduced,0.190954839,-0.182392085
Taraxacum campylodes,Not Selling,Invasive,0.625354543,-0.178163218
Tephrosia candida,Selling,Introduced,19.275,-0.151421357
Tephrosia noctiflora,Not Selling,Naturalized,9.94,-0.189383841
Tephrosia vogelii,Not Selling,Naturalized,40.3,0.208068198
Tetragonia tetragonioides,Not Selling,Invasive,1.18700332,-0.172695584
Thunbergia alata,Selling,Introduced,25.8,-0.124886251
Tithonia rotundifolia,Not Selling,Invasive,9.595,-0.090844003
Tridax procumbens,Not Selling,Invasive,0.69,-0.177533896
Trifolium alexandrinum,Not Selling,Naturalized,2.875656057,-0.156256604
Trifolium aureum,Not Selling,Naturalized,0.330561538,-0.181033018
Trifolium campestre,Not Selling,Naturalized,0.330492986,-0.181033685
Trifolium dubium,Not Selling,Naturalized,0.4450155,-0.179918812
Trifolium fragiferum,Selling,Naturalized,1.321229567,-0.171388896
Trifolium hybridum,Not Selling,Introduced,0.858549668,-0.17589307
Trifolium incarnatum,Selling,Introduced,3.27710271,-0.152348533
Trifolium medium,Not Selling,Naturalized,2.061152381,-0.164185771
Trifolium pratense,Selling,Invasive,1.517137379,-0.16948174
Trifolium repens,Selling,Invasive,0.556276247,-0.178835693
Trigonella foenum-graecum,Selling,Naturalized,12.35817647,-0.063944568
Triodanis perfoliata,Not Selling,Introduced,0.03,-0.183958975
Tripsacum dactyloides,Not Selling,Naturalized,61.7245153,0.416635175
Tropaeolum majus,Selling,Naturalized,148.8714286,1.265007614
Ulex europaeus,Not Selling,Invasive,6.448443113,-0.203582896
Ulmus laevis,Selling,Naturalized,6.912531352,-0.227535769
Vaccaria hispanica,Not Selling,Invasive,5.953971429,-0.126289301
Vallisneria americana,Not Selling,Naturalized,3.354804079,-0.151592113
Verbena bonariensis,Not Selling,Introduced,0.17,-0.18259608
Verbena bracteata,Not Selling,Introduced,0.487210526,-0.179508045
Verbena brasiliensis,Not Selling,Introduced,0.2,-0.182304031
Verbena stricta,Not Selling,Introduced,1.011852941,-0.174400668
Veronica arvensis,Not Selling,Invasive,0.113397959,-0.183147099
Veronica hederifolia,Not Selling,Invasive,4.07157037,-0.144614416
Veronica peregrina,Selling,Invasive,0.032146667,-0.183938077
Veronica persica,Selling,Invasive,0.64015625,-0.178019123
Veronica polita,Not Selling,Invasive,0.335377778,-0.180986132
Vicia sativa,Selling,Introduced,27.89552612,0.087311038
Vicia villosa,Selling,Invasive,32.49037551,0.132041751
Viola arvensis,Not Selling,Naturalized,0.614148931,-0.178272304
Voacanga africana,Not Selling,Invasive,60,-0.210215276
Vulpia myuros,Selling,Naturalized,0.481460695,-0.17956402
Waltheria indica,Selling,Invasive,1.69,-0.222933975
Xanthium spinosum,Not Selling,Invasive,136,1.139704664
Xanthium strumarium,Not Selling,Invasive,171.7073333,1.487314422
Zea mexicana,Not Selling,Naturalized,58.004,0.380416077
Zinnia elegans,Selling,Invasive,8.885714286,-0.097748877
Zinnia peruviana,Selling,Invasive,4.08,-0.144532354
