Species,Sale Availability,invasion_status,SLA
Abutilon theophrasti,Selling,Invasive,24.01703771
Acacia dealbata,Selling,Invasive,15.52038593
Acacia decurrens,Not Selling,Invasive,9.359501923
Acacia farnesiana,Selling,Invasive,12.40697121
Acacia longifolia,Not Selling,Invasive,6.155091783
Acacia mangium,Selling,Introduced,9.930721576
Acacia mearnsii,Not Selling,Invasive,16.8888109
Acacia senegal,Not Selling,Invasive,22.79334807
Acer negundo,Selling,Introduced,24.1660414
Achillea millefolium,Selling,Introduced,16.03971017
Agave americana,Selling,Invasive,2.441655148
Ageratina adenophora,Not Selling,Invasive,30.62901085
Ageratina riparia,Not Selling,Naturalized,17.89730335
Ageratum conyzoides,Selling,Invasive,88.432
Agrostemma githago,Selling,Invasive,13.7815898
Agrostis avenacea,Not Selling,Naturalized,21.64405405
Albizia lebbeck,Selling,Invasive,6.313
Alliaria petiolata,Not Selling,Invasive,46.17413891
Alopecurus myosuroides,Not Selling,Naturalized,27.26666667
Alternanthera pungens,Selling,Invasive,25.20763945
Alyssum alyssoides,Not Selling,Invasive,21.23727273
Amaranthus blitoides,Not Selling,Introduced,17.93020816
Amaranthus blitum,Not Selling,Invasive,36.22083333
Amaranthus caudatus,Selling,Invasive,19.624
Amaranthus hybridus,Selling,Invasive,25.92791592
Amaranthus palmeri,Not Selling,Invasive,14.88095238
Amaranthus retroflexus,Selling,Invasive,16.81074595
Amaranthus tuberculatus,Not Selling,Invasive,16.2601626
Ambrosia artemisiifolia,Not Selling,Invasive,22.50689313
Ambrosia psilostachya,Not Selling,Invasive,18.64905647
Ambrosia trifida,Not Selling,Invasive,22.81674603
Ammannia coccinea,Not Selling,Invasive,17.54385965
Ammi majus,Selling,Invasive,34.44333333
Amorpha fruticosa,Selling,Naturalized,9.780778876
Anagallis arvensis,Selling,Naturalized,31.20192021
Annona glabra,Not Selling,Naturalized,10.30949269
Anthemis arvensis,Not Selling,Introduced,29.40156984
Anthriscus caucalis,Not Selling,Introduced,35.6113141
Armoracia rusticana,Selling,Naturalized,18.34
Arrhenatherum elatius,Selling,Invasive,35.23840368
Artemisia annua,Selling,Naturalized,29.40441991
Asparagus setaceus,Selling,Naturalized,70.05
Aster subulatus,Not Selling,Invasive,13.99178035
Atriplex canescens,Not Selling,Invasive,48.23077183
Atriplex hortensis,Not Selling,Naturalized,22.42816387
Atriplex nummularia,Not Selling,Invasive,6.162443547
Atropa bella-donna,Not Selling,Invasive,30.94875
Avena fatua,Selling,Invasive,23.30841507
Avena sterilis,Not Selling,Invasive,26.84935906
Axonopus compressus,Not Selling,Introduced,17.292
Azolla filiculoides,Not Selling,Invasive,19.375
Berberis thunbergii,Selling,Naturalized,24.88149296
Bidens bipinnata,Selling,Invasive,55.55555556
Bidens frondosa,Not Selling,Invasive,40.88222293
Bidens pilosa,Selling,Invasive,30.58150701
Bixa orellana,Not Selling,Naturalized,18.4603756
Borago officinalis,Not Selling,Invasive,24.848
Bougainvillea spectabilis,Not Selling,Naturalized,15.93931652
Brachiaria brizantha,Not Selling,Invasive,14.68468272
Brassica juncea,Selling,Naturalized,24.18894997
Brassica tournefortii,Not Selling,Naturalized,14.85921295
Bromus arvensis,Not Selling,Introduced,21.91490505
Bromus catharticus,Not Selling,Invasive,18.48610431
Bromus pubescens,Not Selling,Naturalized,26.27906977
Bromus rigidus,Not Selling,Naturalized,21.30523389
Buchloe dactyloides,Selling,Introduced,19.24362146
Bunias orientalis,Not Selling,Invasive,23.66552979
Buphthalmum salicifolium,Not Selling,Naturalized,25.25525309
Cabomba caroliniana,Not Selling,Invasive,38.46153846
Calopogonium mucunoides,Not Selling,Invasive,31.074
Canna indica,Selling,Naturalized,42.85
Cannabis sativa,Not Selling,Invasive,28.1262297
Capsella bursa-pastoris,Selling,Naturalized,44.57716725
Capsicum annuum,Selling,Naturalized,19.78125874
Cardamine flexuosa,Not Selling,Invasive,40.87156909
Carthamus tinctorius,Not Selling,Naturalized,14.15
Cascabela thevetia,Not Selling,Naturalized,14.172104
Cenchrus spinifex,Not Selling,Invasive,16.411
Centaurea diffusa,Not Selling,Introduced,14.76287225
Centrosema pubescens,Not Selling,Invasive,30.491
Cerastium fontanum,Not Selling,Naturalized,29.72867335
Cerastium glomeratum,Not Selling,Invasive,28.21006986
Cestrum nocturnum,Selling,Introduced,5.841121495
Chenopodium album,Not Selling,Naturalized,26.09870621
Chenopodium hybridum,Not Selling,Invasive,37.63739042
Chloris gayana,Not Selling,Invasive,17.87237357
Chloris virgata,Selling,Naturalized,25.64431096
Chromolaena odorata,Not Selling,Invasive,34.74556718
Cichorium intybus,Selling,Introduced,22.19545471
Cinchona officinalis,Not Selling,Naturalized,11.47447197
Clidemia hirta,Not Selling,Introduced,23.28620993
Conium maculatum,Not Selling,Invasive,27.50456661
Conyza sumatrensis,Not Selling,Invasive,19.34331083
Coreopsis lanceolata,Selling,Invasive,13.66185965
Coreopsis tinctoria,Selling,Invasive,14.36677923
Coriandrum sativum,Selling,Naturalized,47.427
Cota tinctoria,Not Selling,Naturalized,18.05222919
Crassocephalum crepidioides,Selling,Invasive,40.43421053
Crepis tectorum,Not Selling,Invasive,22.18714273
Crotalaria micans,Not Selling,Introduced,29.41983806
Cyanus segetum,Selling,Introduced,20.23581518
Cyclospermum leptophyllum,Not Selling,Invasive,13.61805627
Cymbalaria muralis,Not Selling,Introduced,24.86666667
Cynosurus cristatus,Not Selling,Naturalized,25.54480636
Cyperus esculentus,Not Selling,Invasive,27.29
Dactylis glomerata,Selling,Naturalized,26.55553442
Dalbergia sissoo,Not Selling,Naturalized,4.495299985
Datura stramonium,Selling,Invasive,25.30640082
Daucus carota,Not Selling,Invasive,17.09910797
Desmodium tortuosum,Not Selling,Introduced,34.624
Dianthus sylvestris,Not Selling,Naturalized,7.594306928
Dichanthium annulatum,Not Selling,Naturalized,29.2
Digitalis purpurea,Selling,Naturalized,24.66239405
Digitaria ciliaris,Not Selling,Naturalized,30.5
Diodella teres,Not Selling,Invasive,17.11087912
Diplotaxis muralis,Not Selling,Introduced,21.46
Dysphania ambrosioides,Not Selling,Invasive,29.518
Echinochloa crus-galli,Not Selling,Naturalized,28.52700222
Eclipta prostrata,Selling,Naturalized,27.77777778
Eragrostis curvula,Not Selling,Invasive,16.00160507
Erechtites hieraciifolius,Not Selling,Introduced,18.67938667
Erigeron annuus,Selling,Invasive,28.26584383
Erigeron bonariensis,Not Selling,Invasive,15.16379256
Erigeron canadensis,Not Selling,Invasive,25.07182984
Erigeron karvinskianus,Not Selling,Naturalized,28.35293137
Erigeron philadelphicus,Not Selling,Invasive,37.79587592
Erigeron speciosus,Not Selling,Introduced,20.51963328
Erigeron strigosus,Not Selling,Invasive,20.7629738
Erigeron sumatrensis,Not Selling,Invasive,12.85020971
Erodium moschatum,Not Selling,Naturalized,28.29251538
Erysimum repandum,Not Selling,Invasive,15.23255814
Eschscholzia californica,Selling,Naturalized,13.35302742
Eucalyptus globulus,Selling,Invasive,12.97716913
Eucalyptus robusta,Selling,Invasive,4.955401388
Eupatorium cannabinum,Not Selling,Invasive,25.33779925
Euphorbia cyathophora,Not Selling,Invasive,69.93006993
Euphorbia dentata,Not Selling,Invasive,12.05863015
Euphorbia lathyris,Selling,Naturalized,25.10333333
Euphorbia maculata,Selling,Invasive,25.43202383
Euphorbia marginata,Selling,Introduced,16.48052909
Euphorbia nutans,Not Selling,Introduced,18.93762101
Euphorbia peplus,Not Selling,Invasive,66.4518832
Euphorbia serpens,Not Selling,Invasive,18.31501832
Fallopia scandens,Not Selling,Introduced,34.77453564
Festuca arundinacea,Selling,Invasive,17.22515986
Festuca rubra,Selling,Invasive,14.94799326
Flaveria bidentis,Not Selling,Invasive,15.25014943
Foeniculum vulgare,Selling,Naturalized,9.70662445
Galinsoga parviflora,Selling,Invasive,42.685
Galinsoga quadriradiata,Not Selling,Invasive,35.89220898
Galium aparine,Not Selling,Introduced,49.62399572
Gaura mollis,Not Selling,Invasive,10.68376068
Geranium carolinianum,Selling,Invasive,18.49424922
Geranium molle,Not Selling,Naturalized,24.810978
Gliricidia sepium,Not Selling,Introduced,15.61663375
Glyceria maxima,Not Selling,Introduced,18.38980379
Gnaphalium purpureum,Not Selling,Naturalized,8.120670101
Grindelia squarrosa,Not Selling,Introduced,10.08172888
Helenium autumnale,Not Selling,Introduced,21.92165303
Helianthus annuus,Not Selling,Naturalized,16.67999388
Helianthus laetiflorus,Not Selling,Naturalized,7.893891563
Helianthus petiolaris,Not Selling,Naturalized,8.43618927
Helianthus tuberosus,Selling,Naturalized,23.13122929
Hesperis matronalis,Selling,Naturalized,34.67812024
Hibiscus trionum,Not Selling,Invasive,19.05982906
Holcus lanatus,Selling,Introduced,25.22013762
Hordeum bulbosum,Not Selling,Naturalized,20.11921506
Hordeum jubatum,Selling,Invasive,22.88887697
Hydrocotyle vulgaris,Not Selling,Naturalized,29.38943405
Hypochaeris radicata,Not Selling,Naturalized,40.00885658
Hyptis capitata,Not Selling,Invasive,40.253
Hyptis suaveolens,Selling,Invasive,40.3
Ipomoea nil,Selling,Invasive,17.86948177
Ipomoea purpurea,Selling,Invasive,40.06880551
Justicia adhatoda,Not Selling,Introduced,12.04819277
Kickxia elatine,Not Selling,Introduced,40.3
Lactuca sativa,Selling,Naturalized,20.52
Lactuca serriola,Selling,Invasive,18.73488774
Lamium purpureum,Not Selling,Naturalized,32.68463136
Lantana camara,Selling,Invasive,20.14983753
Lepidium bonariense,Not Selling,Invasive,11.62030375
Lepidium campestre,Not Selling,Invasive,26.95731367
Lepidium densiflorum,Not Selling,Introduced,29.91287629
Lepidium didymum,Not Selling,Invasive,36.72853978
Lepidium virginicum,Selling,Invasive,20.13586631
Leucaena leucocephala,Selling,Invasive,15.10174834
Leucanthemum vulgare,Not Selling,Invasive,19.3001561
Lindernia dubia,Not Selling,Naturalized,72.7567593
Linum usitatissimum,Selling,Naturalized,43.65217971
Lolium multiflorum,Not Selling,Introduced,25.38543952
Lolium perenne,Selling,Introduced,21.01084544
Lolium remotum,Not Selling,Introduced,30.272
Lolium rigidum,Not Selling,Naturalized,25.98794319
Lolium temulentum,Not Selling,Invasive,24.632
Lotus corniculatus,Selling,Naturalized,23.76410677
Malvastrum americanum,Not Selling,Introduced,9.28
Mangifera indica,Selling,Naturalized,8.22929346
Manihot esculenta,Selling,Naturalized,28.70422205
Matricaria matricarioides,Not Selling,Naturalized,18.75
Medicago minima,Not Selling,Introduced,22.81800015
Medicago polymorpha,Not Selling,Invasive,27.39868984
Medicago sativa,Selling,Invasive,19.7132583
Melilotus officinalis,Selling,Invasive,19.36991739
Melinis minutiflora,Selling,Introduced,20.2905
Melinis repens,Not Selling,Invasive,14.2757966
Mentha spicata,Selling,Naturalized,22.5
Mikania micrantha,Not Selling,Invasive,46.667
Mimosa invisa,Not Selling,Invasive,30.491
Mimosa pudica,Selling,Invasive,30.491
Mollugo verticillata,Not Selling,Naturalized,24.55801749
Muntingia calabura,Not Selling,Naturalized,16.94405157
Myosotis arvensis,Not Selling,Naturalized,35.83155717
Myriophyllum aquaticum,Not Selling,Invasive,30.76923077
Nasturtium officinale,Selling,Invasive,46.24666667
Nicandra physalodes,Selling,Invasive,26.225
Nothoscordum gracile,Not Selling,Introduced,21.2059076
Nymphaea alba,Selling,Naturalized,14.7
Ocimum basilicum,Selling,Invasive,37.87878788
Oenothera biennis,Selling,Introduced,17.8269298
Oenothera glazioviana,Selling,Invasive,17.12509984
Oenothera laciniata,Not Selling,Introduced,29.23976608
Oenothera oakesiana,Not Selling,Introduced,20.367
Oenothera parviflora,Not Selling,Introduced,17.84
Oenothera rosea,Selling,Invasive,34.279
Oenothera speciosa,Not Selling,Introduced,15.1010101
Oxalis corniculata,Selling,Invasive,24.7313582
Oxalis debilis,Not Selling,Invasive,80.592
Oxalis pes-caprae,Selling,Naturalized,48.1595002
Oxybaphus nyctagineus,Not Selling,Introduced,16.37532134
Panicum acuminatum,Not Selling,Introduced,24.48126262
Panicum dichotomiflorum,Not Selling,Invasive,24.01840947
Panicum maximum,Not Selling,Invasive,30.17816387
Parthenium hysterophorus,Selling,Invasive,15.73656705
Parthenocissus quinquefolia,Selling,Introduced,28.9351764
Paspalum dilatatum,Not Selling,Invasive,25.65866875
Paspalum distichum,Not Selling,Invasive,27.87970002
Paspalum notatum,Selling,Introduced,16.66225212
Paspalum urvillei,Not Selling,Introduced,17.03577511
Passiflora suberosa,Not Selling,Invasive,17.12328767
Pennisetum glaucum,Not Selling,Naturalized,32.24590508
Persicaria pensylvanica,Not Selling,Naturalized,39.41065333
Phalaris canariensis,Not Selling,Naturalized,21.892
Phalaris minor,Not Selling,Introduced,23.36018957
Phalaris paradoxa,Not Selling,Introduced,26.65501468
Phaseolus vulgaris,Selling,Naturalized,23.09403352
Phleum pratense,Selling,Introduced,23.18227584
Phyllanthus amarus,Not Selling,Introduced,14.364
Physalis peruviana,Selling,Introduced,41.42871201
Phytolacca americana,Selling,Invasive,49.29276017
Pistia stratiotes,Selling,Invasive,35.0877193
Pithecellobium dulce,Not Selling,Naturalized,15.08642956
Pittosporum tobira,Selling,Naturalized,11.05989604
Plantago aristata,Not Selling,Introduced,17.73195878
Plantago indica,Not Selling,Naturalized,14.98201319
Plantago lanceolata,Selling,Naturalized,18.30297218
Plantago virginica,Not Selling,Invasive,17.73178188
Pluchea carolinensis,Not Selling,Invasive,27.02702703
Plumeria rubra,Selling,Naturalized,38.84566667
Poa annua,Selling,Naturalized,39.51548883
Poa compressa,Not Selling,Naturalized,20.93093218
Poa pratensis,Selling,Naturalized,19.55755976
Poa trivialis,Selling,Naturalized,35.81689762
Polygonum aviculare,Selling,Introduced,23.22268352
Portulaca grandiflora,Selling,Naturalized,19.05293919
Portulaca oleracea,Selling,Naturalized,18.05881895
Prunella grandiflora,Selling,Naturalized,17.67218503
Psidium guajava,Selling,Introduced,10.03000117
Punica granatum,Selling,Naturalized,8.95878402
Ranunculus arvensis,Not Selling,Invasive,20.08217449
Ranunculus sardous,Not Selling,Introduced,32.015
Raphanus raphanistrum,Selling,Introduced,27.6053113
Rapistrum rugosum,Not Selling,Invasive,26.49108604
Reseda lutea,Not Selling,Invasive,17.93333333
Rhus typhina,Not Selling,Introduced,18.87015927
Ribes nigrum,Selling,Naturalized,18.94549339
Ribes uva-crispa,Not Selling,Naturalized,19.92671582
Robinia pseudoacacia,Selling,Invasive,25.80503008
Rollinia mucosa,Not Selling,Naturalized,13.6644881
Rorippa amphibia,Not Selling,Invasive,30.16038619
Rosmarinus officinalis,Selling,Naturalized,5.359133809
Rudbeckia hirta,Selling,Invasive,20.77650342
Rudbeckia laciniata,Selling,Invasive,32.40122365
Salix fragilis,Not Selling,Naturalized,10.02785028
Salvia sclarea,Not Selling,Introduced,35.71136071
Saponaria officinalis,Selling,Naturalized,24.7978459
Secale cereale,Selling,Invasive,32.01102122
Securigera varia,Not Selling,Invasive,22.49598068
Senecio inaequidens,Not Selling,Naturalized,19.39858128
Senna surattensis,Not Selling,Naturalized,16.39344262
Sesbania cannabina,Selling,Invasive,15.6
Setaria parviflora,Not Selling,Introduced,9.88492
Setaria sphacelata,Not Selling,Introduced,20.54915932
Sherardia arvensis,Not Selling,Introduced,22.41808872
Sicyos angulatus,Not Selling,Introduced,26.04166667
Sida acuta,Selling,Invasive,28.6
Sida spinosa,Not Selling,Naturalized,29.23976608
Silene armeria,Selling,Naturalized,32.35
Silene gallica,Selling,Introduced,19.28016675
Silene vulgaris,Not Selling,Invasive,25.42858578
Sinapis alba,Selling,Naturalized,23.82011608
Sinapis arvensis,Not Selling,Naturalized,38.64726035
Sisymbrium altissimum,Not Selling,Naturalized,21.45666667
Sisymbrium officinale,Not Selling,Naturalized,27.5182906
Sisymbrium orientale,Not Selling,Naturalized,22.325
Solanum americanum,Not Selling,Invasive,24.50454545
Solanum carolinense,Not Selling,Introduced,16.46816369
Solanum elaeagnifolium,Not Selling,Invasive,11.75
Solanum rostratum,Not Selling,Invasive,12.89700679
Solanum sisymbriifolium,Not Selling,Introduced,23.30901729
Solidago canadensis,Selling,Invasive,16.60346371
Sonchus arvensis,Selling,Invasive,30.62880021
Sonchus asper,Selling,Introduced,39.05684585
Sonchus oleraceus,Selling,Invasive,36.53792711
Sonneratia apetala,Not Selling,Introduced,1.080606061
Sorghum halepense,Not Selling,Invasive,21.3933193
Spartina alterniflora,Not Selling,Invasive,19.95647309
Spartina anglica,Selling,Invasive,8.880173218
Spartina patens,Not Selling,Introduced,9.970089731
Spergula arvensis,Not Selling,Naturalized,19.12904728
Stachys arvensis,Not Selling,Introduced,29.8
Stachytarpheta cayennensis,Not Selling,Introduced,20.40816327
Stachytarpheta jamaicensis,Selling,Invasive,17.6366843
Stellaria media,Selling,Invasive,73.63236374
Stellaria pallida,Not Selling,Invasive,59.53600018
Symphytum officinale,Selling,Introduced,26.89692308
Syzygium jambos,Not Selling,Naturalized,8.78740679
Tagetes minuta,Not Selling,Invasive,13.875
Talinum paniculatum,Selling,Invasive,11.41299239
Tamarindus indica,Selling,Invasive,6.25
Tanacetum vulgare,Selling,Introduced,21.21509376
Taraxacum campylodes,Not Selling,Invasive,26.39115605
Tetragonia tetragonioides,Not Selling,Invasive,16.14234884
Tridax procumbens,Not Selling,Invasive,39.9
Trifolium alexandrinum,Not Selling,Naturalized,32.8867615
Trifolium aureum,Not Selling,Naturalized,37.41083333
Trifolium campestre,Not Selling,Naturalized,33.82468684
Trifolium dubium,Not Selling,Naturalized,28.61771724
Trifolium fragiferum,Selling,Naturalized,25.50911165
Trifolium hybridum,Not Selling,Introduced,25.04441379
Trifolium incarnatum,Selling,Introduced,29.65306472
Trifolium medium,Not Selling,Naturalized,16.975625
Trifolium pratense,Selling,Invasive,23.64575454
Trifolium repens,Selling,Invasive,28.80298202
Trigonella foenum-graecum,Selling,Naturalized,22.46326223
Triodanis perfoliata,Not Selling,Introduced,36.8
Tripsacum dactyloides,Not Selling,Naturalized,19.60784314
Tropaeolum majus,Selling,Naturalized,29.485
Ulex europaeus,Not Selling,Invasive,9.62938238
Ulmus laevis,Selling,Naturalized,35.55868356
Vaccaria hispanica,Not Selling,Invasive,23.60388002
Vallisneria americana,Not Selling,Naturalized,23.5
Verbena bonariensis,Not Selling,Introduced,10.14028056
Verbena bracteata,Not Selling,Introduced,19.10354001
Verbena stricta,Not Selling,Introduced,13.34726837
Veronica arvensis,Not Selling,Invasive,27.41006371
Veronica hederifolia,Not Selling,Invasive,28.6229592
Veronica peregrina,Selling,Invasive,27.45519691
Veronica persica,Selling,Invasive,32.72659781
Veronica polita,Not Selling,Invasive,27.13217192
Vicia sativa,Selling,Introduced,21.46165769
Vicia villosa,Selling,Invasive,29.67130303
Viola arvensis,Not Selling,Naturalized,30.487
Vulpia myuros,Selling,Naturalized,11.91782072
Waltheria indica,Selling,Invasive,12.37292873
Xanthium strumarium,Not Selling,Invasive,16.6740898
Zinnia peruviana,Selling,Invasive,21.6520163
